-- phpMyAdmin SQL Dump
-- version 4.9.9
-- https://www.phpmyadmin.net/
--
-- Хост: 127.0.0.1
-- Время создания: Дек 28 2022 г., 15:07
-- Версия сервера: 10.5.7-MariaDB
-- Версия PHP: 5.6.40

SET SQL_MODE = "NO_AUTO_VALUE_ON_ZERO";
SET AUTOCOMMIT = 0;
START TRANSACTION;
SET time_zone = "+00:00";


/*!40101 SET @OLD_CHARACTER_SET_CLIENT=@@CHARACTER_SET_CLIENT */;
/*!40101 SET @OLD_CHARACTER_SET_RESULTS=@@CHARACTER_SET_RESULTS */;
/*!40101 SET @OLD_COLLATION_CONNECTION=@@COLLATION_CONNECTION */;
/*!40101 SET NAMES utf8mb4 */;

--
-- База данных: `echat_bitrix_dev`
--

-- --------------------------------------------------------

--
-- Структура таблицы `accounts`
--

CREATE TABLE `accounts` (
  `id` int(11) NOT NULL,
  `email` varchar(70) NOT NULL DEFAULT '',
  `name` text NOT NULL DEFAULT '\'\'',
  `company_name` text NOT NULL DEFAULT '\'\'',
  `password` text NOT NULL DEFAULT '\'\'',
  `ref` varchar(15) NOT NULL DEFAULT '0',
  `is_partner` varchar(7) NOT NULL DEFAULT '0',
  `datetime` datetime NOT NULL DEFAULT current_timestamp(),
  `params` text NOT NULL DEFAULT '\'\'',
  `language` varchar(17) NOT NULL DEFAULT ''
) ENGINE=MyISAM DEFAULT CHARSET=utf8;

--
-- Дамп данных таблицы `accounts`
--

INSERT INTO `accounts` (`id`, `email`, `name`, `company_name`, `password`, `ref`, `is_partner`, `datetime`, `params`, `language`) VALUES
(670, 'tested@gmail.com', 'Артём Сергеевич', 'E-chat', '1111', '0', '10', '2021-08-06 15:51:19', '', 'ua'),
(155, '1@gmail.com', 'Иван Иванов', '\'Example company_name\'', 'wu$Y7P0%C6', '0', '1', '2021-11-08 10:41:59', '', ''),
(848, '2@gmail.com', 'Иван Иванов', '\'Example company_name\'', 'wu$Y7P0%C6', '155', '0', '2021-11-08 13:29:30', '', 'ru'),
(90, 'lev@gmail.com', 'Иван Иванов', '\'Example company_name\'', '1111', '0', '0', '2021-12-14 17:00:26', '', 'ua');

-- --------------------------------------------------------

--
-- Структура таблицы `activation_line`
--

CREATE TABLE `activation_line` (
  `id` int(11) NOT NULL,
  `number` bigint(20) NOT NULL DEFAULT 0,
  `status` int(11) NOT NULL DEFAULT 0,
  `date_time` datetime NOT NULL DEFAULT current_timestamp()
) ENGINE=MyISAM DEFAULT CHARSET=utf8;

--
-- Дамп данных таблицы `activation_line`
--

INSERT INTO `activation_line` (`id`, `number`, `status`, `date_time`) VALUES
(375, 0, 1, '2022-10-19 12:02:27');

-- --------------------------------------------------------

--
-- Структура таблицы `amo_scope`
--

CREATE TABLE `amo_scope` (
  `id` int(11) NOT NULL,
  `name` varchar(14) NOT NULL DEFAULT '',
  `scope_id` text NOT NULL DEFAULT '',
  `account_id` varchar(60) NOT NULL DEFAULT '',
  `number_count` int(11) NOT NULL DEFAULT 0
) ENGINE=MyISAM DEFAULT CHARSET=utf8;

-- --------------------------------------------------------

--
-- Структура таблицы `balance`
--

CREATE TABLE `balance` (
  `id` int(11) NOT NULL,
  `account_id` int(11) NOT NULL DEFAULT 0,
  `balance` float NOT NULL DEFAULT 0
) ENGINE=InnoDB DEFAULT CHARSET=utf8mb4 COLLATE=utf8mb4_unicode_ci;

-- --------------------------------------------------------

--
-- Структура таблицы `balance_log`
--

CREATE TABLE `balance_log` (
  `id` int(11) NOT NULL,
  `account_id` int(11) NOT NULL DEFAULT 0,
  `number` varchar(17) COLLATE utf8mb4_unicode_ci NOT NULL DEFAULT '0',
  `datetime` datetime NOT NULL DEFAULT current_timestamp(),
  `count_month` int(11) NOT NULL DEFAULT 0,
  `price_per_month` float NOT NULL DEFAULT 0,
  `price` float NOT NULL DEFAULT 0,
  `balance` float NOT NULL DEFAULT 0
) ENGINE=InnoDB DEFAULT CHARSET=utf8mb4 COLLATE=utf8mb4_unicode_ci;

-- --------------------------------------------------------

--
-- Структура таблицы `companies`
--

CREATE TABLE `companies` (
  `id` int(11) NOT NULL,
  `number` varchar(17) NOT NULL DEFAULT '',
  `system` text NOT NULL,
  `outgoing` int(11) NOT NULL DEFAULT 0,
  `api` int(11) NOT NULL DEFAULT 0,
  `bitrix` int(11) NOT NULL DEFAULT 0,
  `amo` int(11) NOT NULL DEFAULT 0,
  `keycrm` int(11) NOT NULL DEFAULT 0,
  `trend` int(11) NOT NULL DEFAULT 0,
  `planfix` int(11) NOT NULL DEFAULT 0,
  `onebox` int(11) NOT NULL DEFAULT 0,
  `wepster` int(11) NOT NULL DEFAULT 0,
  `domain_trend` text NOT NULL
) ENGINE=MyISAM DEFAULT CHARSET=utf8;

--
-- Дамп данных таблицы `companies`
--

INSERT INTO `companies` (`id`, `number`, `system`, `outgoing`, `api`, `bitrix`, `amo`, `keycrm`, `trend`, `planfix`, `onebox`, `wepster`, `domain_trend`) VALUES
(1120, '380977790000', 'bitrix', 0, 0, 1, 0, 0, 0, 0, 0, 0, ''),
(928, '380508670000', 'bitrix', 0, 0, 1, 0, 0, 0, 0, 0, 0, ''),
(1290, '380975700000', 'bitrix', 0, 0, 1, 0, 0, 0, 0, 0, 0, ''),
(958, '380999888776', 'bitrix', 0, 0, 1, 0, 0, 0, 0, 0, 0, ''),
(1470, '380673869594', '', 0, 0, 0, 0, 0, 0, 0, 0, 0, '');

-- --------------------------------------------------------

--
-- Структура таблицы `credits`
--

CREATE TABLE `credits` (
  `id` int(11) NOT NULL,
  `login` varchar(30) NOT NULL DEFAULT '',
  `amount` varchar(8) NOT NULL DEFAULT '',
  `credit` float NOT NULL DEFAULT 0,
  `product_name` text NOT NULL DEFAULT '',
  `date` datetime NOT NULL DEFAULT current_timestamp(),
  `currency` varchar(6) NOT NULL DEFAULT '',
  `partner` varchar(13) NOT NULL DEFAULT '',
  `paid` int(11) NOT NULL DEFAULT 0
) ENGINE=MyISAM DEFAULT CHARSET=utf8;

-- --------------------------------------------------------

--
-- Структура таблицы `integrations`
--

CREATE TABLE `integrations` (
  `id` int(11) NOT NULL,
  `account_id` int(11) NOT NULL,
  `email` text COLLATE utf8mb4_unicode_ci NOT NULL,
  `amo` int(11) NOT NULL,
  `bitrix` int(11) NOT NULL,
  `api` int(11) NOT NULL,
  `apix` int(11) NOT NULL,
  `keycrm` int(11) NOT NULL,
  `trendcrm` int(11) NOT NULL
) ENGINE=InnoDB DEFAULT CHARSET=utf8mb4 COLLATE=utf8mb4_unicode_ci;

-- --------------------------------------------------------

--
-- Структура таблицы `invitations`
--

CREATE TABLE `invitations` (
  `id` int(11) NOT NULL,
  `email` varchar(70) NOT NULL DEFAULT '',
  `date_invitation` datetime NOT NULL DEFAULT current_timestamp(),
  `partner` int(11) NOT NULL DEFAULT 0
) ENGINE=MyISAM DEFAULT CHARSET=utf8;

--
-- Дамп данных таблицы `invitations`
--

INSERT INTO `invitations` (`id`, `email`, `date_invitation`, `partner`) VALUES
(19, '123@gmail.com', '2021-11-08 13:17:54', 155);

-- --------------------------------------------------------

--
-- Структура таблицы `last_unsend_id`
--

CREATE TABLE `last_unsend_id` (
  `company` varchar(15) NOT NULL,
  `last_id` int(11) NOT NULL DEFAULT 0,
  `timestamp` datetime NOT NULL DEFAULT current_timestamp()
) ENGINE=MyISAM DEFAULT CHARSET=utf8;

--
-- Дамп данных таблицы `last_unsend_id`
--

INSERT INTO `last_unsend_id` (`company`, `last_id`, `timestamp`) VALUES
('380508670000', 3841734, '2022-07-01 03:30:01'),
('380999888776', 3263125, '2022-01-26 08:20:03'),
('380977790000', 4329514, '2022-11-06 09:55:02');

-- --------------------------------------------------------

--
-- Структура таблицы `messages`
--

CREATE TABLE `messages` (
  `id` int(11) NOT NULL,
  `viber_id` int(17) NOT NULL DEFAULT 0,
  `name` text CHARACTER SET utf8mb4 COLLATE utf8mb4_bin NOT NULL DEFAULT '\'\'',
  `number` varchar(14) NOT NULL DEFAULT '',
  `direction` varchar(12) NOT NULL DEFAULT '',
  `timestamp` bigint(15) NOT NULL DEFAULT current_timestamp(),
  `company` varchar(22) NOT NULL DEFAULT '',
  `text` text CHARACTER SET utf8mb4 COLLATE utf8mb4_bin NOT NULL DEFAULT '\'\'',
  `type` varchar(10) NOT NULL DEFAULT '',
  `path` varchar(150) CHARACTER SET cp1251 COLLATE cp1251_bin NOT NULL DEFAULT '',
  `server_status` varchar(7) NOT NULL DEFAULT '0',
  `chat_id` varchar(17) NOT NULL DEFAULT '0',
  `datetime` datetime NOT NULL DEFAULT current_timestamp(),
  `server_responce` text NOT NULL DEFAULT '\'\''
) ENGINE=MyISAM DEFAULT CHARSET=utf8;

--
-- Дамп данных таблицы `messages`
--

INSERT INTO `messages` (`id`, `viber_id`, `name`, `number`, `direction`, `timestamp`, `company`, `text`, `type`, `path`, `server_status`, `chat_id`, `datetime`, `server_responce`) VALUES
(13351950, 1, '', '', '0', 1663860470, '380673869594', 'Example Text', '1', '', '1', '1663860470', '2022-12-06 15:27:50', '{\"new_message\":{\"msgid\":\"779545d4-c2bc-49b1-a664-25581d8f584a\",\"ref_id\":\"632c7ef6479b8\"}}'),
(13352252, 1, '', '', '0', 1663862294, '380673869594', 'Example Text', '1', '', '1', '1663862294', '2022-09-22 15:58:14', '{\"new_message\":{\"msgid\":\"21a02271-de06-4ad9-b2a9-1be580d4df58\",\"ref_id\":\"632c86168fc17\"}}'),
(13398953, 10534, '', '', '1', 1664272221643, '380673869594', 'Example Text', '1', '', '1', '53', '2022-09-27 09:50:54', '\'\''),
(13476752, 10703, '', '', '1', 1664800903980, '380999888776', 'Example Text', '1', '', '0', '53', '2022-10-03 12:43:17', '\'\''),
(13479855, 10711, '', '', '1', 1664809183618, '380999888776', 'Example Text', '1', '', '0', '53', '2022-10-03 15:01:07', '\'\''),
(13481386, 10712, '', '', '1', 1664822381768, '380999888776', 'Example Text', '1', '', '0', '53', '2022-10-03 18:41:37', '\'\''),
(13481387, 10713, '', '', '1', 1664822411726, '380999888776', 'Example Text', '1', '', '1', '53', '2022-10-03 18:41:38', '\'\''),
(13510599, 10761, '', '', '1', 1664984175728, '380999888776', 'Example Text', '1', 'error_file.jpg', '1', '315', '2022-10-05 15:36:56', '\'\''),
(13678341, 1, '', '', '0', 1666249927, '380999888776', 'Example Text', '1', '', '1', '1666249927', '2022-10-20 07:12:07', '{\"new_message\":{\"msgid\":\"abc121f4-c2fc-4e29-8780-7b9536427ddb\",\"ref_id\":\"6350f4c8646be\"}}'),
(13704058, 1, '', '', '0', 1666428006, '380999888776', 'Example Text', '1', '', '1', '1666428006', '2022-10-22 08:40:06', '{\"new_message\":{\"msgid\":\"8cd01bbc-0787-420c-8aa6-f39eb125c580\",\"ref_id\":\"6353ac6665a12\"}}'),
(13706496, 1, '', '', '0', 1666447894, '380999888776', 'Example Text', '1', '', '1', '1666447894', '2022-10-22 14:11:34', '{\"new_message\":{\"msgid\":\"60d70a85-998b-45b6-bcc1-4e06500eb1dc\",\"ref_id\":\"6353fa1684e72\"}}'),
(13755580, 1, '', '', '0', 1666802943, '380999888776', 'Example Text', '1', '', '1', '1666802943', '2022-10-26 16:49:03', '{\"new_message\":{\"msgid\":\"c60608cd-986d-48eb-b1aa-836f5e808537\",\"ref_id\":\"6359650044a52\"}}'),
(13763341, 1, '', '', '0', 1666868589, '380999888776', 'Example Text', '1', '', '1', '1666868589', '2022-10-27 11:03:09', '{\"new_message\":{\"msgid\":\"702c0b2a-5766-4b1c-a97a-576ec73589f5\",\"ref_id\":\"635a656d7fa75\"}}'),
(13952735, 1, '', '', '0', 1668170710, '380999888776', 'Example Text', '1', '', '100', '1668170710', '2022-11-11 12:45:10', '\'\''),
(13932446, 1, '', '', '0', 1668072909, '380999888776', 'Example Text', '1', '', '100', '1668072909', '2022-11-10 09:35:09', '\'\''),
(13931295, 1, '', '', '0', 1668070686, '380999888776', 'Example Text', '1', '', '100', '1668070686', '2022-11-10 08:58:06', '\'\''),
(13910351, 1, '', '', '0', 1667934924, '380999888776', 'Example Text', '1', '', '100', '1667934924', '2022-11-08 19:15:24', '\'\''),
(13891557, 1, '', '', '0', 1667837104, '380999888776', 'Example Text', '1', '', '100', '1667837104', '2022-11-07 16:05:04', '\'\''),
(13166145, 1, '', '', '0', 1663071888, '380999888776', 'Example Text', '1', '', '1', '1663071888', '2022-09-13 12:24:48', '{\"new_message\":{\"msgid\":\"3ec8dc6f-92ca-47ad-995f-df73d8f37f55\",\"ref_id\":\"63207690ae4b4\"}}'),
(13202764, 67852, '', '', '0', 1663264480593, '380673869594', 'Example Text', '1', '', '1', '2356', '2022-12-06 17:54:45', '{\"new_message\":{\"msgid\":\"e1060358-49e2-48a3-ba1c-04c09c2ace94\",\"ref_id\":\"632366e646b40\"}}'),
(13203113, 67858, '', '', '0', 1663269568725, '380975700000', 'Example Text', '1', '', '1', '2325', '2022-09-15 19:19:32', '{\"new_message\":{\"msgid\":\"49c0416f-51d1-44c3-b24a-9d7921f72fb6\",\"ref_id\":\"63237ac53496a\"}}'),
(13203793, 67878, '', '', '0', 1663306820212, '380975700000', 'Example Text', '1', '', '1', '2358', '2022-09-16 05:40:21', '{\"new_message\":{\"msgid\":\"5e6ad277-7663-4b17-acaf-07ce10afc2c8\",\"ref_id\":\"63240c45ee490\"}}'),
(13205506, 67883, '', '', '0', 1663311567713, '380975700000', 'Example Text', '1', '', '1', '2358', '2022-09-16 06:59:36', '{\"new_message\":{\"msgid\":\"6933d451-7cc2-4963-8694-612107eb8664\",\"ref_id\":\"63241ed9a832d\"}}'),
(13206829, 67887, '', '', '0', 1663315066982, '380975700000', 'Example Text', '1', '', '1', '61', '2022-09-16 07:57:48', '{\"new_message\":{\"msgid\":\"9f0d57f2-09cc-46dc-b115-39f5d35f533a\",\"ref_id\":\"63242c7d915de\"}}'),
(13209393, 1, '', '', '0', 1663320905, '380999888776', 'Example Text', '1', '', '1', '1663320905', '2022-09-16 09:35:05', '{\"new_message\":{\"msgid\":\"90daaea9-9e3d-49ef-9538-bd48992b59f4\",\"ref_id\":\"6324434a67337\"}}'),
(13211524, 67903, '', '', '0', 1663325880384, '380975700000', 'Example Text', '1', '', '1', '2359', '2022-09-16 10:58:08', '{\"new_message\":{\"msgid\":\"9fe781cd-4fdf-471f-aed8-d084b1ba95d8\",\"ref_id\":\"632456c15cad6\"}}'),
(13216261, 4390, '', '', '0', 1663337319412, '380508670000', 'Example Text', '1', '', '1', '146', '2022-09-16 14:08:46', '{\"new_message\":{\"msgid\":\"92351526-3d91-4265-a3e0-7a6ab6c15813\",\"ref_id\":\"6324836f381a1\"}}'),
(13216339, 4391, '', '', '1', 1663337448711, '380508670000', 'Example Text', '1', '', '1', '146', '2022-09-16 14:11:18', '\'\''),
(13216342, 4392, '', '', '0', 1663337457981, '380508670000', 'Example Text', '1', '', '1', '146', '2022-09-16 14:11:19', '{\"new_message\":{\"msgid\":\"a0a14321-256c-4a25-875f-eea3a00412dc\",\"ref_id\":\"63248408351a5\"}}'),
(13216344, 4393, '', '', '1', 1663337463291, '380508670000', 'Example Text', '1', '', '1', '146', '2022-09-16 14:11:21', '\'\''),
(13216347, 4394, '', '', '0', 1663337464892, '380508670000', 'Example Text', '1', '', '1', '146', '2022-09-16 14:11:22', '{\"new_message\":{\"msgid\":\"a3b629fd-4ff4-436f-bca6-f99a5f17b011\",\"ref_id\":\"6324840b0076a\"}}'),
(13216356, 4395, '', '', '0', 1663337485053, '380508670000', 'Example Text', '2', '380508672901439519629.jpg', '1', '146', '2022-09-16 14:11:33', '{\"new_message\":{\"msgid\":\"09895899-8c5a-43bb-8a6a-be5319daacd4\",\"ref_id\":\"632484170f1b7\"}}'),
(13216363, 4396, '', '', '0', 1663337493160, '380508670000', 'Example Text', '1', '', '1', '146', '2022-09-16 14:11:45', '{\"new_message\":{\"msgid\":\"dae03275-f9ea-4879-9853-55e4e244177d\",\"ref_id\":\"632484225a24c\"}}'),
(13216364, 4397, '', '', '0', 1663337501830, '380508670000', 'Example Text', '1', '', '1', '146', '2022-09-16 14:11:46', '{\"new_message\":{\"msgid\":\"e2f1a34e-686a-48ff-84f4-735441c9aeec\",\"ref_id\":\"63248423939ac\"}}'),
(13216469, 4398, '', '', '1', 1663337820918, '380508670000', 'Example Text', '1', '', '1', '146', '2022-09-16 14:17:15', '\'\''),
(13221169, 67964, '', '', '1', 1663354582993, '380975700000', 'Example Text', '1', '', '1', '2325', '2022-09-16 18:56:37', '\'\''),
(13221182, 67965, '', '', '1', 1663354635998, '380975700000', 'Example Text', '1', '', '1', '2357', '2022-09-16 18:57:29', '\'\''),
(13221187, 67966, '', '', '0', 1663354654110, '380975700000', 'Example Text', '1', '', '1', '2357', '2022-09-16 18:57:40', '{\"new_message\":{\"msgid\":\"973af0f6-1c97-4c5c-b834-3257f1282fee\",\"ref_id\":\"6324c72540c62\"}}'),
(13221195, 67967, '', '', '0', 1663354695809, '380975700000', 'Example Text', '1', '', '1', '2357', '2022-09-16 18:58:20', '{\"new_message\":{\"msgid\":\"7ce12085-3664-4397-adc7-53659ebbba4f\",\"ref_id\":\"6324c74d21fd0\"}}'),
(13221199, 67968, '', '', '0', 1663354710750, '380975700000', 'Example Text', '1', '', '1', '2357', '2022-09-16 18:58:31', '{\"new_message\":{\"msgid\":\"b6bb0f38-07df-4a5a-ab12-c4769ad1e989\",\"ref_id\":\"6324c7582fafb\"}}'),
(13221206, 67969, '', '', '0', 1663354753482, '380975700000', 'Example Text', '1', '', '1', '2357', '2022-09-16 18:59:18', '{\"new_message\":{\"msgid\":\"6f68a09a-b437-472e-a131-9f93b1a01f37\",\"ref_id\":\"6324c787c1778\"}}'),
(13228212, 4399, '', '', '1', 1663398013235, '380508670000', 'Example Text', '9', '', '1', '178', '2022-09-17 07:00:27', '\'\''),
(13228237, 4400, '', '', '0', 1663398105558, '380508670000', 'Example Text', '1', '', '1', '178', '2022-09-17 07:01:50', '{\"new_message\":{\"msgid\":\"4692d09f-ca85-498d-86ec-0e102411a698\",\"ref_id\":\"632570dee8016\"}}'),
(13228243, 4401, '', '', '0', 1663398120948, '380508670000', 'Example Text', '1', '', '1', '178', '2022-09-17 07:02:11', '{\"new_message\":{\"msgid\":\"832191cf-955e-4e63-8e05-db5b480b7646\",\"ref_id\":\"632570f47552a\"}}'),
(13228291, 4402, '', '', '1', 1663398294619, '380508670000', 'Example Text', '1', '', '1', '178', '2022-09-17 07:05:09', '\'\''),
(13229300, 4403, '', '', '1', 1663401616505, '380508670000', 'Example Text', '9', '', '1', '155', '2022-09-17 08:00:59', '\'\''),
(13229301, 4404, '', '', '1', 1663401630893, '380508670000', 'Example Text', '9', '', '1', '78', '2022-09-17 08:01:00', '\'\''),
(13229303, 4405, '', '', '1', 1663401645206, '380508670000', 'Example Text', '9', '', '1', '78', '2022-09-17 08:01:02', '\'\''),
(13229307, 4406, '', '', '0', 1663401666612, '380508670000', 'Example Text', '1', '', '1', '146', '2022-09-17 08:01:14', '{\"new_message\":{\"msgid\":\"9a6ce9aa-7c76-48fb-be37-3d14eb277bed\",\"ref_id\":\"63257ecb03acc\"}}'),
(13229308, 4407, '', '', '0', 1663401671346, '380508670000', 'Example Text', '1', '', '1', '146', '2022-09-17 08:01:15', '{\"new_message\":{\"msgid\":\"3254db6b-2ae9-48f0-b625-1548b9a67255\",\"ref_id\":\"63257ecc46a28\"}}'),
(13229316, 4408, '', '', '0', 1663401676061, '380508670000', 'Example Text', '1', '', '1', '146', '2022-09-17 08:01:26', '{\"new_message\":{\"msgid\":\"c5e6b1ee-994c-4053-9dd7-faaaa07c5f76\",\"ref_id\":\"63257ed787b4b\"}}'),
(13229329, 4409, '', '', '1', 1663401727547, '380508670000', 'Example Text', '1', '', '1', '146', '2022-09-17 08:02:22', '\'\''),
(13229351, 4410, '', '', '1', 1663401783274, '380508670000', 'Example Text', '1', '', '1', '146', '2022-09-17 08:03:18', '\'\''),
(13229376, 4411, '', '', '0', 1663401880281, '380508670000', 'Example Text', '2', '380508672901441112623.png', '1', '146', '2022-09-17 08:04:50', '{\"new_message\":{\"msgid\":\"3f4e3acb-31cd-49e1-a48e-222330f67321\",\"ref_id\":\"63257fa379f06\"}}'),
(13229381, 4412, '', '', '0', 1663401893356, '380508670000', 'Example Text', '11', '380508672901441224084.m4a', '1', '146', '2022-09-17 08:05:02', '{\"new_message\":{\"msgid\":\"d7985aad-5366-4b1f-976f-1fcf10c26c7c\",\"ref_id\":\"63257faef1b46\"}}'),
(13229443, 4413, '', '', '1', 1663402105485, '380508670000', 'Example Text', '1', '', '1', '146', '2022-09-17 08:08:40', '\'\''),
(13229959, 4414, '', '', '0', 1663403570777, '380508670000', 'Example Text', '1', '', '1', '146', '2022-09-17 08:32:58', '{\"new_message\":{\"msgid\":\"fd0a40b9-1bbb-4f6b-8c87-1bd7d4323a1b\",\"ref_id\":\"6325863b5bd9c\"}}'),
(13229977, 4415, '', '', '0', 1663403610590, '380508670000', 'Example Text', '11', '380508672901441519954.m4a', '1', '146', '2022-09-17 08:33:39', '{\"new_message\":{\"msgid\":\"5a2a0941-e208-434c-a3b4-4ac9b5a73906\",\"ref_id\":\"63258664c94ab\"}}'),
(13230030, 4416, '', '', '1', 1663403731923, '380508670000', 'Example Text', '1', '', '1', '146', '2022-09-17 08:35:46', '\'\''),
(13230046, 4417, '', '', '0', 1663403769429, '380508670000', 'Example Text', '1', '', '1', '146', '2022-09-17 08:36:18', '{\"new_message\":{\"msgid\":\"1bc094ee-82c5-486b-ad69-ca127675839c\",\"ref_id\":\"63258703d8f94\"}}'),
(13230049, 4418, '', '', '0', 1663403784251, '380508670000', 'Example Text', '2', '380508672901441818756.jpg', '1', '146', '2022-09-17 08:36:30', '{\"new_message\":{\"msgid\":\"ffe68dda-6d52-46bf-a5b0-b7171645c2b2\",\"ref_id\":\"6325870f4d4c6\"}}'),
(13230063, 4419, '', '', '0', 1663403805307, '380508670000', 'Example Text', '11', '380508672901441911840.m4a', '1', '146', '2022-09-17 08:36:51', '{\"new_message\":{\"msgid\":\"d16776ad-5bb5-4038-b74d-992d41630326\",\"ref_id\":\"63258724be615\"}}'),
(13230079, 4420, '', '', '1', 1663403842816, '380508670000', 'Example Text', '1', '', '1', '146', '2022-09-17 08:37:37', '\'\''),
(13230137, 4421, '', '', '0', 1663404002572, '380508670000', 'Example Text', '1', '', '1', '146', '2022-09-17 08:40:10', '{\"new_message\":{\"msgid\":\"ab3371d2-e394-4099-81dd-48e9b3c51283\",\"ref_id\":\"632587ebd76ae\"}}'),
(13230276, 4422, '', '', '1', 1663404274374, '380508670000', 'Example Text', '1', '', '1', '146', '2022-09-17 08:44:49', '\'\''),
(13230987, 4423, '', '', '0', 1663405985409, '380508670000', 'Example Text', '1', '', '1', '146', '2022-09-17 09:13:09', '{\"new_message\":{\"msgid\":\"07408a9a-a817-455e-84fa-3b2d4f598420\",\"ref_id\":\"63258fa669389\"}}'),
(13231034, 4424, '', '', '1', 1663406102137, '380508670000', 'Example Text', '1', '', '1', '146', '2022-09-17 09:15:16', '\'\''),
(13231051, 4425, '', '', '1', 1663406158654, '380508670000', 'Example Text', '1', '', '1', '146', '2022-09-17 09:16:13', '\'\''),
(13233324, 67985, '', '', '0', 1663410970242, '380975700000', 'Example Text', '1', '', '1', '2180', '2022-09-17 10:36:17', '{\"new_message\":{\"msgid\":\"7f5246ca-e0ff-4895-b171-bbf098c8d10f\",\"ref_id\":\"6325a3223fe09\"}}'),
(13233335, 67986, '', '', '0', 1663410982267, '380975700000', 'Example Text', '2', '38097570447767986.jpg', '1', '2180', '2022-09-17 10:36:30', '{\"new_message\":{\"msgid\":\"de99f545-2937-435d-8b99-20e0f9453ed5\",\"ref_id\":\"6325a32fe94b5\"}}'),
(13233339, 67987, '', '', '0', 1663410983974, '380975700000', 'Example Text', '2', '38097570447767987.jpg', '1', '2180', '2022-09-17 10:36:33', '{\"new_message\":{\"msgid\":\"9efbb29a-3fd7-4aa3-b021-b2c3543e6a4a\",\"ref_id\":\"6325a3331b9c8\"}}'),
(13233345, 67988, '', '', '0', 1663410994320, '380975700000', 'Example Text', '2', '38097570447767988.jpg', '1', '2180', '2022-09-17 10:36:46', '{\"new_message\":{\"msgid\":\"4a3d05f1-8f8a-4206-b1d0-273fef5f598d\",\"ref_id\":\"6325a33f88989\"}}'),
(13233346, 67989, '', '', '0', 1663410995989, '380975700000', 'Example Text', '2', '38097570447767989.jpg', '1', '2180', '2022-09-17 10:36:49', '{\"new_message\":{\"msgid\":\"7fe4c833-2f79-4a97-9b57-52b6751dcf10\",\"ref_id\":\"6325a342b615b\"}}'),
(13233348, 67990, '', '', '0', 1663410997449, '380975700000', 'Example Text', '2', '38097570447767990.jpg', '1', '2180', '2022-09-17 10:36:52', '{\"new_message\":{\"msgid\":\"62f5e1cf-ea1a-480c-9d2f-4f88a9bc5460\",\"ref_id\":\"6325a345c2d11\"}}'),
(13235137, 67994, '', '', '0', 1663415238481, '380975700000', 'Example Text', '1', '', '1', '2360', '2022-09-17 11:47:21', '{\"new_message\":{\"msgid\":\"5540b93a-e1bb-47b1-87a8-b98e9d8d3feb\",\"ref_id\":\"6325b3caaa76c\"}}'),
(13237268, 2011, '', '', '1', 1663420120646, '380977790000', 'Example Text', '1', '', '1', '436', '2022-09-17 13:10:05', '\'\''),
(13237270, 2012, '', '', '1', 1663420135207, '380977790000', 'Example Text', '1', '', '1', '436', '2022-09-17 13:10:06', '\'\''),
(13237914, 2013, '', '', '1', 1663421657108, '380977790000', 'Example Text', '1', '', '1', '559', '2022-09-17 13:35:29', '\'\''),
(13238108, 2014, '', '', '1', 1663422097933, '380977790000', 'Example Text', '1', '', '1', '554', '2022-09-17 13:43:34', '\'\''),
(13238109, 2015, '', '', '1', 1663422127637, '380977790000', 'Example Text', '1', '', '1', '554', '2022-09-17 13:43:35', '\'\''),
(13238120, 67999, '', '', '1', 1663422220749, '380975700000', 'Example Text', '1', '', '1', '2357', '2022-09-17 13:43:54', '\'\''),
(13238140, 68000, '', '', '1', 1663422282918, '380975700000', 'Example Text', '1', '', '1', '2180', '2022-09-17 13:44:58', '\'\''),
(13238144, 68001, '', '', '1', 1663422309346, '380975700000', 'Example Text', '1', '', '1', '2360', '2022-09-17 13:45:23', '\'\''),
(13238164, 68002, '', '', '1', 1663422344012, '380975700000', 'Example Text', '1', '', '1', '2360', '2022-09-17 13:45:58', '\'\''),
(13239065, 68005, '', '', '0', 1663424889848, '380975700000', 'Example Text', '4', '', '10', '2357', '2022-09-17 14:28:16', '\'\''),
(13239958, 2016, '', '', '1', 1663427253644, '380977790000', 'Example Text', '1', '', '1', '560', '2022-09-17 15:09:15', '\'\''),
(13239959, 2017, '', '', '1', 1663427268217, '380977790000', 'Example Text', '1', '', '1', '560', '2022-09-17 15:09:16', '\'\''),
(13239961, 2018, '', '', '1', 1663427283199, '380977790000', 'Example Text', '9', '', '1', '560', '2022-09-17 15:09:17', '\'\''),
(13240416, 2019, '', '', '1', 1663428382509, '380977790000', 'Example Text', '1', '', '1', '561', '2022-09-17 15:27:35', '\'\''),
(13241298, 68006, '', '', '0', 1663431051239, '380975700000', 'Example Text', '1', '', '1', '2358', '2022-09-17 16:10:52', '{\"new_message\":{\"msgid\":\"ca6539d7-7b4b-4698-a3f8-cd2a06358491\",\"ref_id\":\"6325f18d80521\"}}'),
(13241588, 2020, '', '', '1', 1663431803694, '380977790000', 'Example Text', '1', '', '1', '560', '2022-09-17 16:24:37', '\'\''),
(13241599, 2021, '', '', '1', 1663431830376, '380977790000', 'Example Text', '1', '', '1', '560', '2022-09-17 16:25:03', '\'\''),
(13241633, 2022, '', '', '1', 1663431928074, '380977790000', 'Example Text', '9', '', '1', '560', '2022-09-17 16:26:39', '\'\''),
(13242132, 68007, '', '', '0', 1663433545306, '380975700000', 'Example Text', '1', '', '1', '2180', '2022-09-17 16:52:25', '{\"new_message\":{\"msgid\":\"8df6141b-1ad2-47e0-bb9b-25cdfa4c1e36\",\"ref_id\":\"6325fb4adb19e\"}}'),
(13243419, 2023, '', '', '0', 1663437572482, '380977790000', 'Example Text', '1', '', '1', '556', '2022-09-17 18:00:41', '{\"new_message\":{\"msgid\":\"b8cf5df4-ddb1-420f-86be-b69fb18e99f6\",\"ref_id\":\"63260b4a52eb2\"}}'),
(13243433, 2024, '', '', '1', 1663437603447, '380977790000', 'Example Text', '1', '', '1', '556', '2022-09-17 18:01:17', '\'\''),
(13243434, 2025, '', '', '0', 1663437619775, '380977790000', 'Example Text', '1', '', '1', '556', '2022-09-17 18:01:29', '{\"new_message\":{\"msgid\":\"550bfc5c-3ec9-4f54-b31b-d94ce3a027a7\",\"ref_id\":\"63260b7a59e30\"}}'),
(13243496, 68009, '', '', '1', 1663437845191, '380975700000', 'Example Text', '11', 'false', '1', '2180', '2022-09-17 18:04:08', '\'\''),
(13243546, 68010, '', '', '1', 1663437986187, '380975700000', 'Example Text', '11', 'false', '1', '2180', '2022-09-17 18:06:28', '\'\''),
(13244262, 2026, '', '', '1', 1663440258688, '380977790000', 'Example Text', '1', '', '1', '562', '2022-09-17 18:46:17', '\'\''),
(13244263, 2027, '', '', '1', 1663440273252, '380977790000', 'Example Text', '1', '', '1', '563', '2022-09-17 18:46:18', '\'\''),
(13244264, 2028, '', '', '1', 1663440287846, '380977790000', 'Example Text', '1', '', '1', '564', '2022-09-17 18:46:19', '\'\''),
(13244266, 2029, '', '', '1', 1663440302438, '380977790000', 'Example Text', '1', '', '1', '458', '2022-09-17 18:46:21', '\'\''),
(13244472, 2030, '', '', '0', 1663441000672, '380977790000', 'Example Text', '1', '', '1', '564', '2022-09-17 18:57:48', '{\"new_message\":{\"msgid\":\"ea6d73fd-1f0c-49b8-b8f8-6899d5b2c96d\",\"ref_id\":\"632618adc01c2\"}}'),
(13244490, 2031, '', '', '1', 1663441030323, '380977790000', 'Example Text', '1', '', '1', '564', '2022-09-17 18:58:41', '\'\''),
(13244940, 68014, '', '', '0', 1663442774058, '380975700000', 'Example Text', '1', '', '1', '2362', '2022-09-17 19:26:18', '{\"new_message\":{\"msgid\":\"22ab7e3a-ced2-4182-ac6a-686681358561\",\"ref_id\":\"63261f5b41342\"}}'),
(13245401, 2032, '', '', '0', 1663444433782, '380977790000', 'Example Text', '1', '', '1', '563', '2022-09-17 19:54:58', '{\"new_message\":{\"msgid\":\"0385e3e3-dbf4-4b0f-88d2-e82f0f75d89c\",\"ref_id\":\"6326261379762\"}}'),
(13245411, 2033, '', '', '1', 1663444459558, '380977790000', 'Example Text', '1', '', '1', '563', '2022-09-17 19:55:34', '\'\''),
(13248160, 2034, '', '', '1', 1663454714904, '380977790000', 'Example Text', '1', '', '1', '565', '2022-09-17 22:45:29', '\'\''),
(13248171, 2035, '', '', '1', 1663454740666, '380977790000', 'Example Text', '1', '', '1', '566', '2022-09-17 22:45:55', '\'\''),
(13248203, 2036, '', '', '1', 1663454837507, '380977790000', 'Example Text', '1', '', '1', '567', '2022-09-17 22:47:47', '\'\''),
(13248205, 2037, '', '', '1', 1663454852106, '380977790000', 'Example Text', '1', '', '1', '568', '2022-09-17 22:47:48', '\'\''),
(13248215, 2038, '', '', '1', 1663454878882, '380977790000', 'Example Text', '1', '', '1', '569', '2022-09-17 22:48:14', '\'\''),
(13248241, 2039, '', '', '1', 1663454904634, '380977790000', 'Example Text', '1', '', '1', '570', '2022-09-17 22:49:09', '\'\''),
(13248243, 2040, '', '', '1', 1663454919039, '380977790000', 'Example Text', '1', '', '1', '571', '2022-09-17 22:49:10', '\'\''),
(13248277, 2041, '', '', '1', 1663454961270, '380977790000', 'Example Text', '1', '', '1', '572', '2022-09-17 22:50:22', '\'\''),
(13248278, 2042, '', '', '1', 1663454990969, '380977790000', 'Example Text', '1', '', '1', '404', '2022-09-17 22:50:23', '\'\''),
(13248312, 2043, '', '', '1', 1663455073911, '380977790000', 'Example Text', '1', '', '1', '573', '2022-09-17 22:52:15', '\'\''),
(13248313, 2044, '', '', '1', 1663455104147, '380977790000', 'Example Text', '1', '', '1', '573', '2022-09-17 22:52:16', '\'\''),
(13248676, 68018, '', '', '1', 1663456318670, '380975700000', 'Example Text', '1', '', '1', '2362', '2022-09-17 23:12:12', '\'\'');

-- --------------------------------------------------------

--
-- Структура таблицы `payments`
--

CREATE TABLE `payments` (
  `id` int(11) NOT NULL,
  `login` varchar(30) NOT NULL DEFAULT '',
  `amount` varchar(8) NOT NULL DEFAULT '',
  `product_name` text NOT NULL DEFAULT '',
  `status` text NOT NULL DEFAULT '',
  `date` datetime NOT NULL DEFAULT current_timestamp(),
  `currency` varchar(6) NOT NULL DEFAULT '',
  `email` text NOT NULL DEFAULT '',
  `phone` varchar(30) NOT NULL DEFAULT '',
  `clientName` text NOT NULL DEFAULT '',
  `orderReference` text NOT NULL DEFAULT '',
  `paid` int(11) NOT NULL DEFAULT 0,
  `paid_superpartner` int(11) NOT NULL DEFAULT 0,
  `comfirmed_superpartner` int(11) NOT NULL DEFAULT 0
) ENGINE=MyISAM DEFAULT CHARSET=utf8;

--
-- Дамп данных таблицы `payments`
--

INSERT INTO `payments` (`id`, `login`, `amount`, `product_name`, `status`, `date`, `currency`, `email`, `phone`, `clientName`, `orderReference`, `paid`, `paid_superpartner`, `comfirmed_superpartner`) VALUES
(7, '380508670000', '1', 'Example Product_name', 'Approved', '2020-07-05 10:49:18', 'UAH', '', '', '', '1232312356123', 0, 0, 0),
(6, '380508670000', '1', 'Example Product_name', 'Approved', '2020-07-04 22:24:51', 'UAH', '', '', '', '1232312356123', 0, 0, 0),
(35, '380508670000', '', 'Example Product_name', '', '2020-07-29 09:54:06', 'UAH', '', '', '', '1232312356123', 0, 0, 0),
(165, '380508670000', '', 'Example Product_name', '', '2020-10-12 09:29:04', 'UAH', '', '', '', '1232312356123', 0, 0, 0),
(335, '380508670000', '', 'Example Product_name', '', '2020-11-27 11:35:08', 'UAH', '', '', '', '1232312356123', 0, 0, 0),
(336, '380508670000', '', 'Example Product_name', '', '2020-11-27 11:47:07', 'UAH', '', '', '', '1232312356123', 0, 0, 0),
(338, '380508670000', '', 'Example Product_name', '', '2020-11-27 11:48:46', 'UAH', '', '', '', '1232312356123', 0, 0, 0),
(350, '380508670000', '', 'Example Product_name', '', '2020-11-27 14:51:55', 'UAH', '', '', '', '1232312356123', 0, 0, 0),
(876, '380508670000', '', 'Example Product_name', '', '2021-03-24 16:58:59', 'UAH', '', '', '', '1232312356123', 0, 0, 0),
(1042, '380508670000', '', 'Example Product_name', '', '2021-04-25 15:18:43', 'UAH', '', '', '', '1232312356123', 0, 0, 0),
(1063, '380508670000', '', 'Example Product_name', '', '2021-05-02 02:21:18', 'UAH', '', '', '', '1232312356123', 0, 0, 0),
(1112, '380508670000', '', 'Example Product_name', '', '2021-05-06 13:21:12', 'UAH', '', '', '', '1232312356123', 0, 0, 0),
(1578, '380508670000', '', 'Example Product_name', '', '2021-07-28 15:54:02', 'UAH', '', '', '', '1232312356123', 0, 0, 0),
(1579, '380508670000', '', 'Example Product_name', '', '2021-07-28 15:54:22', 'UAH', '', '', '', '1232312356123', 0, 0, 0),
(1580, '380508670000', '', 'Example Product_name', '', '2021-07-28 15:55:25', 'UAH', '', '', '', '1232312356123', 0, 0, 0),
(1633, '380508670000', '', 'Example Product_name', '', '2021-08-06 18:18:00', 'USD', '', '', '', '1232312356123', 0, 0, 0),
(1634, '380508670000', '', 'Example Product_name', '', '2021-08-06 18:19:08', 'USD', '', '', '', '1232312356123', 0, 0, 0),
(1635, '380508670000', '', 'Example Product_name', '', '2021-08-06 18:19:42', 'USD', '', '', '', '1232312356123', 0, 0, 0),
(1636, '380508670000', '', 'Example Product_name', '', '2021-08-06 18:20:03', 'USD', '', '', '', '1232312356123', 0, 0, 0),
(1638, '380508670000', '', 'Example Product_name', '', '2021-08-06 18:55:02', 'USD', '', '', '', '1232312356123', 0, 0, 0),
(1681, '380508670000', '0.99', 'Example Product_name', 'Approved', '2021-08-15 15:00:19', 'USD', '', '', '', '1232312356123', 0, 0, 0),
(1722, '380975700000', '', 'Example Product_name', '', '2021-08-23 18:44:07', 'UAH', '', '', '', '1232312356123', 0, 0, 0),
(1731, '380975700000', '499', 'Example Product_name', 'Approved', '2021-08-25 10:08:12', 'UAH', '', '', '', '1232312356123', 0, 0, 0),
(1896, '380975700000', '1392', 'Example Product_name', 'Approved', '2021-09-22 18:03:26', 'UAH', '', '', '', '1232312356123', 0, 0, 0),
(2241, '380999888776', '', 'Example Product_name', '', '2021-11-15 13:30:48', 'USD', '', '', '', '1232312356123', 0, 0, 0),
(2242, '380999888776', '', 'Example Product_name', '', '2021-11-15 13:31:32', 'USD', '', '', '', '1232312356123', 0, 0, 0),
(2248, '380999888776', '', 'Example Product_name', '', '2021-11-16 18:45:45', 'USD', '', '', '', '1232312356123', 0, 0, 0),
(2250, '380999888776', '29.99', 'Example Product_name', 'Approved', '2021-11-17 09:16:50', 'USD', '', '', '', '1232312356123', 0, 0, 0),
(2453, '380999888776', '29.99', 'Example Product_name', 'Approved', '2021-12-20 08:18:04', 'USD', '', '', '', '1232312356123', 0, 0, 0),
(2470, '380975700000', '1392', 'Example Product_name', 'Approved', '2021-12-22 12:52:33', 'UAH', '', '', '', '1232312356123', 0, 0, 0),
(2621, '380999888776', '29.99', 'Example Product_name', 'Approved', '2022-01-21 13:02:17', 'USD', '', '', '', '1232312356123', 0, 0, 0),
(2830, '380999888776', '29.99', 'Example Product_name', 'Approved', '2022-02-22 10:21:44', 'USD', '', '', '', '1232312356123', 0, 0, 0),
(2859, '380508670000', '', 'Example Product_name', '', '2022-02-26 16:31:40', 'USD', '', '', '', '1232312356123', 0, 0, 0),
(2860, '380508670000', '', 'Example Product_name', '', '2022-02-26 19:32:43', 'UAH', '', '', '', '1232312356123', 0, 0, 0),
(2861, '380508670000', '', 'Example Product_name', '', '2022-02-26 19:33:50', 'UAH', '', '', '', '1232312356123', 0, 0, 0),
(2862, '380508670000', '', 'Example Product_name', '', '2022-02-26 19:34:04', 'UAH', '', '', '', '1232312356123', 0, 0, 0),
(2863, '380508670000', '', 'Example Product_name', '', '2022-02-26 19:34:57', 'UAH', '', '', '', '1232312356123', 0, 0, 0),
(2864, '380508670000', '', 'Example Product_name', '', '2022-02-26 19:41:03', 'UAH', '', '', '', '1232312356123', 0, 0, 0),
(2865, '380508670000', '', 'Example Product_name', '', '2022-02-26 19:41:31', 'UAH', '', '', '', '1232312356123', 0, 0, 0),
(2918, '380999888776', '', 'Example Product_name', '', '2022-03-21 16:54:05', 'USD', '', '', '', '1232312356123', 0, 0, 0),
(2931, '380975700000', '499', 'Example Product_name', 'Approved', '2022-03-27 12:56:15', 'UAH', '', '', '', '1232312356123', 0, 0, 0),
(2934, '380999888776', '', 'Example Product_name', '', '2022-03-29 11:25:26', 'USD', '', '', '', '1232312356123', 0, 0, 0),
(2935, '380999888776', '', 'Example Product_name', '', '2022-03-29 11:33:11', 'USD', '', '', '', '1232312356123', 0, 0, 0),
(2936, '380999888776', '76.65', 'Example Product_name', 'Approved', '2022-03-29 12:02:23', 'USD', '', '', '', '1232312356123', 0, 0, 0),
(2999, '380975700000', '499', 'Example Product_name', 'Approved', '2022-04-28 05:25:28', 'UAH', '', '', '', '1232312356123', 0, 0, 0),
(3115, '380975700000', '499', 'Example Product_name', 'Approved', '2022-05-29 12:42:49', 'UAH', '', '', '', '1232312356123', 0, 0, 0),
(3226, '380999888776', '', 'Example Product_name', '', '2022-06-30 09:07:29', 'USD', '', '', '', '1232312356123', 0, 0, 0),
(3227, '380999888776', '', 'Example Product_name', '', '2022-06-30 09:30:47', 'USD', '', '', '', '1232312356123', 0, 0, 0),
(3229, '380999888776', '', 'Example Product_name', '', '2022-06-30 09:45:35', 'USD', '', '', '', '1232312356123', 0, 0, 0),
(3231, '380975700000', '1499', 'Example Product_name', 'Approved', '2022-06-30 10:07:58', 'UAH', '', '', '', '1232312356123', 0, 0, 0),
(3238, '380999888776', '76.65', 'Example Product_name', 'Approved', '2022-07-01 14:00:33', 'USD', '', '', '', '1232312356123', 0, 0, 0),
(3240, '380508670000', '', 'Example Product_name', '', '2022-07-02 18:32:52', 'UAH', '', '', '', '1232312356123', 0, 0, 0),
(3241, '380508670000', '', 'Example Product_name', '', '2022-07-02 18:35:06', 'UAH', '', '', '', '1232312356123', 0, 0, 0),
(3242, '380508670000', '', 'Example Product_name', '', '2022-07-02 18:36:03', 'UAH', '', '', '', '1232312356123', 0, 0, 0),
(3243, '380508670000', '', 'Example Product_name', '', '2022-07-02 18:36:50', 'UAH', '', '', '', '1232312356123', 0, 0, 0),
(3244, '380508670000', '', 'Example Product_name', '', '2022-07-02 18:38:10', 'UAH', '', '', '', '1232312356123', 0, 0, 0),
(3245, '380508670000', '', 'Example Product_name', '', '2022-07-02 18:41:30', 'UAH', '', '', '', '1232312356123', 0, 0, 0),
(3246, '380508670000', '', 'Example Product_name', '', '2022-07-02 19:07:24', 'USD', '', '', '', '1232312356123', 0, 0, 0),
(3247, '380508670000', '', 'Example Product_name', '', '2022-07-02 19:08:19', 'USD', '', '', '', '1232312356123', 0, 0, 0),
(3248, '380508670000', '', 'Example Product_name', '', '2022-07-02 19:08:19', 'USD', '', '', '', '1232312356123', 0, 0, 0),
(3249, '380508670000', '', 'Example Product_name', '', '2022-07-02 20:07:29', 'UAH', '', '', '', '1232312356123', 0, 0, 0),
(3250, '380508670000', '', 'Example Product_name', '', '2022-07-02 20:07:29', 'UAH', '', '', '', '1232312356123', 0, 0, 0),
(3251, '380508670000', '', 'Example Product_name', '', '2022-07-02 20:10:33', 'UAH', '', '', '', '1232312356123', 0, 0, 0),
(3252, '380508670000', '', 'Example Product_name', '', '2022-07-02 20:10:33', 'UAH', '', '', '', '1232312356123', 0, 0, 0),
(3253, '380508670000', '', 'Example Product_name', '', '2022-07-02 20:13:15', 'UAH', '', '', '', '1232312356123', 0, 0, 0),
(3254, '380508670000', '', 'Example Product_name', '', '2022-07-02 20:14:41', 'UAH', '', '', '', '1232312356123', 0, 0, 0),
(3255, '380508670000', '', 'Example Product_name', '', '2022-07-02 20:16:35', 'UAH', '', '', '', '1232312356123', 0, 0, 0),
(3256, '380508670000', '', 'Example Product_name', '', '2022-07-02 20:19:08', 'UAH', '', '', '', '1232312356123', 0, 0, 0),
(3257, '380508670000', '', 'Example Product_name', '', '2022-07-02 20:21:12', 'USD', '', '', '', '1232312356123', 0, 0, 0),
(3258, '380508670000', '', 'Example Product_name', '', '2022-07-02 20:23:59', 'USD', '', '', '', '1232312356123', 0, 0, 0),
(3259, '380508670000', '', 'Example Product_name', '', '2022-07-02 20:24:17', 'UAH', '', '', '', '1232312356123', 0, 0, 0),
(3260, '380508670000', '', 'Example Product_name', '', '2022-07-02 20:34:28', 'UAH', '', '', '', '1232312356123', 0, 0, 0),
(3261, '380508670000', '', 'Example Product_name', '', '2022-07-02 20:37:31', 'USD', '', '', '', '1232312356123', 0, 0, 0),
(3262, '380508670000', '', 'Example Product_name', '', '2022-07-02 20:45:39', 'USD', '', '', '', '1232312356123', 0, 0, 0),
(3330, '380975700000', '', 'Example Product_name', '', '2022-07-31 06:52:18', 'USD', '', '', '', '1232312356123', 0, 0, 0),
(3331, '380975700000', '', 'Example Product_name', '', '2022-07-31 06:53:12', 'USD', '', '', '', '1232312356123', 0, 0, 0),
(3332, '380975700000', '', 'Example Product_name', '', '2022-07-31 06:53:55', 'UAH', '', '', '', '1232312356123', 0, 0, 0),
(3333, '380975700000', '', 'Example Product_name', '', '2022-07-31 06:56:01', 'USD', '', '', '', '1232312356123', 0, 0, 0),
(3334, '380975700000', '499', 'Example Product_name', 'Approved', '2022-07-31 06:54:13', 'UAH', '', '', '', '1232312356123', 0, 0, 0),
(3414, '380975700000', '499', 'Example Product_name', 'Approved', '2022-09-01 14:35:24', 'UAH', '', '', '', '1232312356123', 0, 0, 0),
(3513, '380975700000', '1392', 'Example Product_name', 'Approved', '2022-10-03 14:20:10', 'UAH', '', '', '', '1232312356123', 0, 0, 0),
(3521, '380508670000', '', 'Example Product_name', '', '2022-10-05 08:15:22', 'USD', '', '', '', '1232312356123', 0, 0, 0),
(3596, '380508670000', '', 'Example Product_name', 'Approved', '2022-11-12 19:58:44', 'USD', '', '', '', '1232312356123', 0, 0, 0),
(3597, '380508670000', '76.65', 'Example Product_name', 'Approved', '2022-11-12 19:58:44', 'USD', '', '', '', '1232312356123', 0, 0, 0),
(3598, '380508670000', '139.98', 'Example Product_name', 'Approved', '2022-11-12 19:58:44', 'USD', '', '', '', '1232312356123', 0, 0, 0),
(3599, '380508670000', '29.99', 'Example Product_name', 'Approved', '2022-11-12 19:58:44', 'USD', '', '', '', '1232312356123', 0, 0, 0),
(3600, '380508670000', '76.65', 'Example Product_name', '', '2022-11-12 20:39:41', 'USD', '', '', '', '1232312356123', 0, 0, 0),
(3601, '380508670000', '29.99', 'Example Product_name', '', '2022-11-12 20:39:41', 'USD', '', '', '', '1232312356123', 0, 0, 0),
(3602, '380508670000', '29.99', 'Example Product_name', '', '0000-00-00 00:00:00', 'USD', '', '', '', '1232312356123', 0, 0, 0),
(3603, '380508670000', '253.32', 'Example Product_name', '', '0000-00-00 00:00:00', 'USD', '', '', '', '1232312356123', 0, 0, 0),
(3604, '380508670000', '29.99', 'Example Product_name', '', '2022-11-12 21:04:53', 'USD', '', '', '', '1232312356123', 0, 0, 0),
(3605, '380508670000', '29.99', 'Example Product_name', '', '2022-11-12 21:04:58', 'USD', '', '', '', '1232312356123', 0, 0, 0),
(3606, '380508670000', '29.99', 'Example Product_name', 'Approved', '2022-11-12 21:06:58', 'USD', '', '', '', '1232312356123', 0, 0, 0),
(3607, '380508670000', '29.99', 'Example Product_name', 'Approved', '2022-11-12 21:11:19', 'USD', '', '', '', '1232312356123', 0, 0, 0),
(3608, '380508670000', '29.99', 'Example Product_name', 'Approved', '2022-11-12 21:20:30', 'USD', '', '', '', '1232312356123', 0, 0, 0),
(3609, '380508670000', '76.65', 'Example Product_name', '', '2022-11-12 21:35:58', 'USD', '', '', '', '1232312356123', 0, 0, 0),
(3610, '380508670000', '29.99', 'Example Product_name', '', '2022-11-12 22:01:18', 'USD', '', '', '', '1232312356123', 0, 0, 0),
(3611, '380508670000', '29.99', 'Example Product_name', '', '2022-11-12 22:02:53', 'USD', '', '', '', '1232312356123', 0, 0, 0),
(3612, '380508670000', '29.99', 'Example Product_name', '', '2022-11-12 22:36:47', 'USD', '', '', '', '1232312356123', 0, 0, 0),
(3613, '380508670000', '29.99', 'Example Product_name', '', '2022-11-12 22:37:00', 'USD', '', '', '', '1232312356123', 0, 0, 0),
(3615, '380508670000', '29.99', 'Example Product_name', 'Approved', '2022-11-13 08:45:26', 'USD', '', '', '', '1232312356123', 0, 0, 0),
(3617, '380508670000', '29.99', 'Example Product_name', 'Approved', '2022-11-13 20:31:37', 'USD', '', '', '', '1232312356123', 0, 0, 0),
(3645, '380508670000', '29.99', 'Example Product_name', '', '2022-11-19 08:26:07', 'USD', '', '', '', '1232312356123', 0, 0, 0),
(3646, '380508670000', '29.99', 'Example Product_name', '', '2022-11-19 08:27:06', 'USD', '', '', '', '1232312356123', 0, 0, 0),
(3647, '380508670000', '29.99', 'Example Product_name', '', '2022-11-19 08:30:33', 'USD', '', '', '', '1232312356123', 0, 0, 0),
(3648, '380508670000', '29.99', 'Example Product_name', '', '2022-11-19 08:31:32', 'USD', '', '', '', '1232312356123', 0, 0, 0),
(3665, '380975700000', '', 'Example Product_name', '', '2022-11-22 16:23:23', 'USD', '', '', '', '1232312356123', 0, 0, 0),
(3666, '380975700000', '', 'Example Product_name', '', '2022-11-22 17:29:36', 'UAH', '', '', '', '1232312356123', 0, 0, 0);

-- --------------------------------------------------------

--
-- Структура таблицы `sent_messages`
--

CREATE TABLE `sent_messages` (
  `id` int(11) NOT NULL,
  `timestamp` datetime NOT NULL DEFAULT current_timestamp(),
  `company` varchar(20) NOT NULL DEFAULT '',
  `recipient` varchar(20) NOT NULL DEFAULT '',
  `text` text CHARACTER SET utf8mb4 COLLATE utf8mb4_bin NOT NULL DEFAULT '',
  `status` int(11) NOT NULL DEFAULT 0,
  `message_id` text CHARACTER SET utf8mb4 COLLATE utf8mb4_bin NOT NULL DEFAULT '',
  `description` text NOT NULL
) ENGINE=MyISAM DEFAULT CHARSET=utf8;

--
-- Дамп данных таблицы `sent_messages`
--

INSERT INTO `sent_messages` (`id`, `timestamp`, `company`, `recipient`, `text`, `status`, `message_id`, `description`) VALUES
(3701383, '2022-05-24 03:55:07', '380999888776', '380999888776', 'Example message text', 4, 'd4736af4-a466-48b9-a1fb-4d75e01ac6ab', '1239671235812'),
(3696886, '2022-05-22 20:26:04', '380999888776', '380999888776', 'Example message text', 4, '1aaf5940-6528-404b-b169-92af25c14489', '1239671235812'),
(3866561, '2022-07-07 15:51:44', '380999888776', '380999888776', 'Example message text', 4, '50cb3d74-646a-4fab-aa67-4566722c3c49', '1239671235812'),
(3875244, '2022-07-11 07:53:02', '380999888776', '380999888776', 'Example message text', 4, '4f4a74d9-a822-40bd-b49b-6259ea088180', '1239671235812'),
(3902253, '2022-07-17 10:45:10', '380999888776', '380999888776', 'Example message text', 4, 'e6825b10-d297-41fd-bfae-7447e6980d00', '1239671235812'),
(3929308, '2022-07-22 15:07:05', '380999888776', '380999888776', 'Example message text', 4, '22e91ddf-a938-4e57-aae8-7c0ec09dae60', '1239671235812'),
(3972843, '2022-08-02 15:08:36', '380999888776', '380999888776', 'Example message text', 4, '893b5280-107b-456b-90b6-dca786c6581a', '1239671235812'),
(4038440, '2022-08-18 09:58:30', '380999888776', '380999888776', 'Example message text', 4, 'a3b09796-b3db-403d-a054-c79f2a74092a', '1239671235812'),
(4049569, '2022-08-22 08:26:58', '380999888776', '380999888776', 'Example message text', 4, 'e3966035-7e95-45e2-821b-c16cf36b2030', '1239671235812'),
(4062940, '2022-08-25 09:30:23', '380999888776', '380999888776', 'Example message text', 4, '4f8024e0-2047-47aa-bb62-da4ce9bbc828', '1239671235812'),
(4062961, '2022-08-25 09:33:40', '380999888776', '380999888776', 'Example message text', 1, '5c2faacf-294f-4e59-8d30-e158429f467f', '1239671235812'),
(4063109, '2022-08-25 09:55:51', '380999888776', '380999888776', 'Example message text', 1, 'e4f2d2ac-3018-406e-b8d7-0dd2a83e816a', '1239671235812'),
(4063118, '2022-08-25 09:57:19', '380999888776', '380999888776', 'Example message text', 1, '878dde8f-c6b9-44f9-8425-db2c067949dc', '1239671235812'),
(4063143, '2022-08-25 10:00:01', '380999888776', '380999888776', 'Example message text', 1, '8c6e48fa-c9f9-47d7-af44-35122a82afec', '1239671235812'),
(4063320, '2022-08-25 10:18:35', '380999888776', '380999888776', 'Example message text', 1, 'fbe318b4-0a1f-429e-97f0-bd3df4d957bf', '1239671235812'),
(4066970, '2022-08-26 09:21:40', '380999888776', '380999888776', 'Example message text', 1, '4e882175-f477-4dfe-beb1-8fbf1b936709', '1239671235812'),
(4078284, '2022-08-29 14:34:21', '380999888776', '380999888776', 'Example message text', 4, '0a4fb532-9a8b-4d6a-b7ee-563d51027aab', '1239671235812'),
(4078350, '2022-08-29 14:42:59', '380999888776', '380999888776', 'Example message text', 4, '3be97201-53d7-4785-a1de-8199b1eac638', '1239671235812'),
(4082922, '2022-08-30 13:06:54', '380999888776', '380999888776', 'Example message text', 4, '9d9430ed-5ea8-4f2b-ba6f-99fdf682867f', '1239671235812'),
(4134786, '2022-09-13 12:24:23', '380999888776', '380999888776', 'Example message text', 4, '6d7b2f94-d71e-4fba-a131-d00b01df6ffc', '1239671235812'),
(4146581, '2022-09-16 09:34:55', '380999888776', '380999888776', 'Example message text', 4, 'eb1e6e26-df55-4283-8305-f9cd9d82acdb', '1239671235812'),
(4169656, '2022-09-22 15:27:35', '380999888776', '380999888776', 'Example message text', 4, 'ca05d286-b7e1-437a-82d9-04dea1e4edf3', '1239671235812'),
(4169742, '2022-09-22 15:58:06', '380999888776', '380999888776', 'Example message text', 4, 'abb6590b-0e2b-4e3c-bc2e-c5db9d63a117', '1239671235812'),
(4173835, '2022-09-23 16:22:13', '380999888776', '380999888776', 'Example message text', 4, '63181681-3b86-443e-8479-2e7dba568211', '1239671235812'),
(4183584, '2022-09-27 09:50:06', '380999888776', '380999888776', 'Example message text', 4, 'cfcd9a93-6957-4491-a347-df065d7014ca', '1239671235812'),
(4209499, '2022-10-03 12:42:04', '380999888776', '380999888776', 'Example message text', 4, '918c7a38-8a84-4a4f-b8c7-9eab66b56b04', '1239671235812'),
(4210234, '2022-10-03 15:00:25', '380999888776', '380999888776', 'Example message text', 4, '73edbee3-9f82-408f-8015-0cbdca9da188', '1239671235812'),
(4210728, '2022-10-03 18:40:29', '380999888776', '380999888776', 'Example message text', 4, 'ddaed206-538b-468d-a3a1-54663eccc7bb', '1239671235812'),
(4210729, '2022-10-03 18:40:29', '380999888776', '380999888776', 'Example message text', 4, 'dc997ce5-6912-45ce-9f8f-14ea8970aef2', '1239671235812'),
(4219296, '2022-10-05 15:36:06', '380999888776', '380999888776', 'Example message text', 4, '949b9d2c-7ad9-4ceb-80c3-8eebb7dd52ca', '1239671235812'),
(4360138, '2022-11-14 14:24:48', '380975700000', '380999888776', 'Example message text', 1, 'fb8f42d5-3fee-4357-b39b-66a2d6988a6b', '1239671235812'),
(4360148, '2022-11-14 14:26:08', '380975700000', '380999888776', 'Example message text', 1, 'ec495f54-b5ca-4463-a2b7-0a25c59e62ee', '1239671235812'),
(4360150, '2022-11-14 14:26:48', '380975700000', '380999888776', 'Example message text', 1, '0d4647a4-74a0-48f4-87b4-14f754d08be3', '1239671235812'),
(4360164, '2022-11-14 14:28:37', '380975700000', '380999888776', 'Example message text', 1, '625d381c-e7ef-4949-9b83-4cc4383cfc38', '1239671235812'),
(4360165, '2022-11-14 14:28:47', '380975700000', '380999888776', 'Example message text', 1, '3954bafd-deeb-48dc-b938-f261aad75c3d', '1239671235812'),
(4360170, '2022-11-14 14:29:13', '380975700000', '380999888776', 'Example message text', 1, '8aceccf4-98d5-4e01-a9af-08cd486f6b88', '1239671235812'),
(4360172, '2022-11-14 14:29:26', '380975700000', '380999888776', 'Example message text', 1, 'f4b29ad6-ffec-4190-bed1-d49f675cd26b', '1239671235812'),
(4360180, '2022-11-14 14:30:25', '380975700000', '380999888776', 'Example message text', 1, 'a51a227b-95bf-49af-a936-d53c5c7fabb7', '1239671235812'),
(4360182, '2022-11-14 14:30:32', '380975700000', '380999888776', 'Example message text', 1, '54466ab2-844d-4ba7-a7df-c57dfb84d631', '1239671235812'),
(4360184, '2022-11-14 14:31:06', '380975700000', '380999888776', 'Example message text', 1, '2c14400e-9a4d-49e8-8e8b-8d927236e7d4', '1239671235812'),
(4360192, '2022-11-14 14:31:47', '380975700000', '380999888776', 'Example message text', 1, 'dc625cf0-8e13-4df6-b796-1dc5316d5cdd', '1239671235812'),
(4360204, '2022-11-14 14:33:28', '380975700000', '380999888776', 'Example message text', 1, '7ea177a4-10e9-49bd-b152-2797b4f7600c', '1239671235812'),
(4360207, '2022-11-14 14:34:20', '380975700000', '380999888776', 'Example message text', 1, '57a6adc4-bece-4356-8549-0602229ec5f6', '1239671235812'),
(4360218, '2022-11-14 14:35:36', '380975700000', '380999888776', 'Example message text', 1, '2463359a-65eb-4eec-a991-092e5187d1d1', '1239671235812'),
(4360234, '2022-11-14 14:38:45', '380975700000', '380999888776', 'Example message text', 1, 'ca1b8253-2a46-434e-a1d2-b016b1240aaf', '1239671235812'),
(4360248, '2022-11-14 14:40:39', '380975700000', '380999888776', 'Example message text', 1, 'fcb9c222-f8c8-49a0-8960-c5067eb5432d', '1239671235812'),
(4360265, '2022-11-14 14:42:45', '380975700000', '380999888776', 'Example message text', 1, '79a45ad6-ad17-42cf-97e8-b84c60e8c95c', '1239671235812'),
(4360266, '2022-11-14 14:42:51', '380975700000', '380999888776', 'Example message text', 1, '546212f7-83f6-4c6e-a5b3-06865ee5bf50', '1239671235812'),
(4360270, '2022-11-14 14:43:19', '380975700000', '380999888776', 'Example message text', 1, 'fd464ec5-e2ac-43cb-b512-75a7b93955c3', '1239671235812'),
(4360272, '2022-11-14 14:43:24', '380975700000', '380999888776', 'Example message text', 1, '62a5155c-326e-4dc1-8b83-51edeb13cbf2', '1239671235812'),
(4360274, '2022-11-14 14:43:39', '380975700000', '380999888776', 'Example message text', 1, '3469013c-e8eb-48f8-95af-8036c7091691', '1239671235812'),
(4360275, '2022-11-14 14:43:44', '380975700000', '380999888776', 'Example message text', 1, '73979c3d-8e9e-4753-9bc5-00a83ca2b41b', '1239671235812'),
(4360289, '2022-11-14 14:45:45', '380975700000', '380999888776', 'Example message text', 1, '7470f863-1e67-425f-a254-183f3104260c', '1239671235812'),
(4360295, '2022-11-14 14:46:42', '380975700000', '380999888776', 'Example message text', 1, 'f66de19e-2199-499e-9460-7bbd496b7533', '1239671235812'),
(4360297, '2022-11-14 14:47:03', '380975700000', '380999888776', 'Example message text', 1, '7118c030-f71d-424f-a7df-a03204790c81', '1239671235812'),
(4360298, '2022-11-14 14:47:10', '380975700000', '380999888776', 'Example message text', 1, 'b2f77d5e-82a2-42d7-b5da-f75efecb071e', '1239671235812'),
(4360304, '2022-11-14 14:47:26', '380975700000', '380999888776', 'Example message text', 1, '96826569-f868-4853-9230-2f40575af9a3', '1239671235812'),
(4360310, '2022-11-14 14:47:53', '380975700000', '380999888776', 'Example message text', 1, '46ed81df-9f8d-401d-ac19-1bff5a9c70a3', '1239671235812'),
(4360317, '2022-11-14 14:49:06', '380975700000', '380999888776', 'Example message text', 1, 'da1e0200-2d79-49eb-8b8e-4deed98d326e', '1239671235812'),
(4365589, '2022-11-15 19:56:28', '380975700000', '380999888776', 'Example message text', 1, '40e1951e-2d7c-4967-a529-45088416022e', '1239671235812'),
(4373412, '2022-11-18 07:00:01', '380508670000', '380999888776', 'Example message text', 1, '', '1239671235812'),
(4373755, '2022-11-18 08:00:01', '380508670000', '380999888776', 'Example message text', 1, '', '1239671235812'),
(4373756, '2022-11-18 08:00:01', '380508670000', '380999888776', 'Example message text', 1, '', '1239671235812'),
(4373905, '2022-11-18 08:27:24', '380508670000', '380999888776', 'Example message text', 1, '1b5ff4cd-78c0-4483-986b-6475f61520ca', '1239671235812'),
(4373912, '2022-11-18 08:29:03', '380508670000', '380999888776', 'Example message text', 1, '7960795f-6c2a-4ddc-af0a-cf04760660b9', '1239671235812'),
(4377892, '2022-11-19 10:00:24', '380508670000', '380999888776', 'Example message text', 1, '29ff86e8-ca24-44b7-8dd9-e97609fa180c', '1239671235812'),
(4378157, '2022-11-19 11:20:58', '380508670000', '380999888776', 'Example message text', 1, '88d429f3-6af8-4229-9261-2a4620b3b55a', '1239671235812'),
(4378160, '2022-11-19 11:23:23', '380508670000', '380999888776', 'Example message text', 1, '154ebbcd-829e-4c3f-a242-8804f0aa5ee1', '1239671235812'),
(4378185, '2022-11-19 11:36:28', '380508670000', '380999888776', 'Example message text', 1, '55078dbc-c952-44f9-8edf-721e89e3a142', '1239671235812'),
(4378194, '2022-11-19 11:38:18', '380508670000', '380999888776', 'Example message text', 1, '8abef70f-d769-46ec-83d9-214ce335a2ad', '1239671235812'),
(4378224, '2022-11-19 11:46:51', '380508670000', '380999888776', 'Example message text', 1, '64f29265-79a8-4a20-ba2d-8250de4e2ef5', '1239671235812'),
(4378227, '2022-11-19 11:49:22', '380508670000', '380999888776', 'Example message text', 1, '71952308-5de5-4c05-ab01-888908cc54b8', '1239671235812'),
(4378233, '2022-11-19 11:52:47', '380508670000', '380999888776', 'Example message text', 1, '573ac35c-7c35-4d5a-b611-084a046da1cf', '1239671235812'),
(4378239, '2022-11-19 11:53:47', '380508670000', '380999888776', 'Example message text', 1, '51663e5c-82b8-4624-9066-efa8b378d47e', '1239671235812'),
(4378243, '2022-11-19 11:54:23', '380508670000', '380999888776', 'Example message text', 1, 'ec5252e4-94b0-4aca-a562-45fb8a1449a4', '1239671235812'),
(4378245, '2022-11-19 11:56:19', '380508670000', '380999888776', 'Example message text', 1, '2f32b871-df1c-4574-b3f3-109eb4840c2e', '1239671235812'),
(4378352, '2022-11-19 12:28:34', '380508670000', '380999888776', 'Example message text', 1, '3bd746ff-ea95-4ad3-b676-786a84029723', '1239671235812'),
(4378353, '2022-11-19 12:28:54', '380508670000', '380999888776', 'Example message text', 1, 'a82ee4c4-287e-42ed-84a5-31c457ab8441', '1239671235812'),
(4378356, '2022-11-19 12:30:07', '380508670000', '380999888776', 'Example message text', 1, '046e7a49-9e52-4147-94d2-04663cad2a91', '1239671235812'),
(4378467, '2022-11-19 13:02:01', '380508670000', '380999888776', 'Example message text', 1, '123921bc-e271-46a5-9b50-f3b55b556bcc', '1239671235812'),
(4379292, '2022-11-20 07:00:01', '380508670000', '380999888776', 'Example message text', 1, '', '1239671235812'),
(4379293, '2022-11-20 07:00:01', '380508670000', '380999888776', 'Example message text', 1, '', '1239671235812'),
(4382187, '2022-11-21 07:00:01', '380508670000', '380999888776', 'Example message text', 1, '', '1239671235812'),
(4382188, '2022-11-21 07:00:01', '380508670000', '380999888776', 'Example message text', 1, '', '1239671235812'),
(4382457, '2022-11-21 08:00:01', '380508670000', '380999888776', 'Example message text', 1, '', '1239671235812'),
(4382641, '2022-11-21 08:32:16', '380508670000', '380999888776', 'Example message text', 1, 'f14e45fd-e8cd-4db2-93aa-23a6cee63ef8', '1239671235812'),
(4382869, '2022-11-21 09:01:52', '380508670000', '380999888776', 'Example message text', 1, 'a4b87e6a-8f85-4aaf-bc95-9afee89c4932', '1239671235812'),
(4383303, '2022-11-21 10:13:46', '380508670000', '380999888776', 'Example message text', 1, '41576637-cce8-4006-806c-bcb2eb996aff', '1239671235812'),
(4383324, '2022-11-21 10:16:40', '380508670000', '380999888776', 'Example message text', 1, 'd42c77ed-4b08-427c-8bd1-356fa9745c98', '1239671235812'),
(4383365, '2022-11-21 10:23:39', '380508670000', '380999888776', 'Example message text', 1, '5725e86c-fd44-4cae-b370-1c6fa17f3c4a', '1239671235812'),
(4383377, '2022-11-21 10:25:00', '380508670000', '380999888776', 'Example message text', 1, 'ccaf3b62-7844-458c-9214-f07ee7a9f42a', '1239671235812'),
(4383619, '2022-11-21 10:48:42', '380508670000', '380999888776', 'Example message text', 1, 'dd757a75-7754-4ff4-8666-b30a83663b57', '1239671235812'),
(4383703, '2022-11-21 11:00:38', '380508670000', '380999888776', 'Example message text', 1, 'aa8977f7-e7a1-4c53-b002-5cafc37afdd1', '1239671235812'),
(4384248, '2022-11-21 12:17:22', '380977790000', '380999888776', 'Example message text', 4, '4daf7603-99c6-478c-bbc9-c0b904b20efd', '1239671235812'),
(4384498, '2022-11-21 12:56:04', '380977790000', '380999888776', 'Example message text', 4, '55a15f82-1fee-47f8-9a8d-d7288984bdf4', '1239671235812'),
(4384754, '2022-11-21 13:34:22', '380977790000', '380999888776', 'Example message text', 4, '17ea5dc8-0f6e-40ec-aaaf-8f512e2fac90', '1239671235812'),
(4384755, '2022-11-21 13:34:23', '380977790000', '380999888776', 'Example message text', 4, 'aa6838e3-2dd3-4c56-94c8-496d56b8a0ab', '1239671235812'),
(4384756, '2022-11-21 13:34:23', '380977790000', '380999888776', 'Example message text', 4, 'dd4cf198-09fa-4eb2-a5c3-b7b652954558', '1239671235812'),
(4384779, '2022-11-21 13:37:06', '380977790000', '380999888776', 'Example message text', 1, 'd8e8296f-4fcf-438c-9662-4c7378c19874', '1239671235812'),
(4384953, '2022-11-21 13:59:57', '380977790000', '380999888776', 'Example message text', 4, '42fc6918-95c3-4631-9be3-9e9a152f1876', '1239671235812'),
(4384954, '2022-11-21 13:59:57', '380977790000', '380999888776', 'Example message text', 4, '82d10eb4-47d7-4127-b7cc-6da0d29feabe', '1239671235812'),
(4384965, '2022-11-21 14:01:09', '380977790000', '380999888776', 'Example message text', 4, '3020a8e7-1c7a-4bef-9319-735632dcc750', '1239671235812'),
(4385012, '2022-11-21 14:06:07', '380977790000', '380999888776', 'Example message text', 4, 'c5328a2d-7547-490b-9a8e-bcae54bb0b59', '1239671235812'),
(4385013, '2022-11-21 14:06:07', '380977790000', '380999888776', 'Example message text', 4, '7621c595-ab21-46a9-b9d1-854a6f61f2bf', '1239671235812'),
(4385021, '2022-11-21 14:08:07', '380977790000', '380999888776', 'Example message text', 4, '69e6049b-39fb-4b43-a054-cd59c12a1b54', '1239671235812'),
(4385231, '2022-11-21 14:34:44', '380508670000', '380999888776', 'Example message text', 1, 'd31b8ee4-2bfc-4421-9b20-ae66e50359e7', '1239671235812'),
(4385291, '2022-11-21 14:44:16', '380508670000', '380999888776', 'Example message text', 1, '90860f4c-309f-4f5f-8501-b714887e6712', '1239671235812'),
(4385400, '2022-11-21 14:55:03', '380977790000', '380999888776', 'Example message text', 1, '88a57e75-75d5-4b14-98d6-0942673b500c', '1239671235812'),
(4385999, '2022-11-21 16:38:03', '380977790000', '380999888776', 'Example message text', 1, '98365347-b23e-47cd-9989-af70ebb9467d', '1239671235812'),
(4386153, '2022-11-21 17:42:15', '380977790000', '380999888776', 'Example message text', 1, 'f1c35f12-f480-43ac-a992-a696c0789ce3', '1239671235812'),
(4386154, '2022-11-21 17:42:15', '380977790000', '380999888776', 'Example message text', 4, 'a92a6492-efc5-4e39-97b9-c38ba28eec96', '1239671235812'),
(4386155, '2022-11-21 17:42:15', '380977790000', '380999888776', 'Example message text', 4, '537c6301-5283-46db-9311-7cc16f0b8403', '1239671235812'),
(4386292, '2022-11-21 19:21:44', '380977790000', '380999888776', 'Example message text', 4, '9fed42d0-7198-4b40-a249-c67abea246bd', '1239671235812'),
(4386293, '2022-11-21 19:21:44', '380977790000', '380999888776', 'Example message text', 4, '3095687c-ca8c-48c1-9eb2-4e295f13eff2', '1239671235812'),
(4386294, '2022-11-21 19:21:44', '380977790000', '380999888776', 'Example message text', 4, 'd2ab8ee9-e9e7-440f-8c7b-f6d7340476aa', '1239671235812'),
(4386340, '2022-11-21 20:23:44', '380977790000', '380999888776', 'Example message text', 4, '8266e118-b357-4cf3-811f-fda30da084ca', '1239671235812'),
(4386341, '2022-11-21 20:23:44', '380977790000', '380999888776', 'Example message text', 4, '2ab68e32-63dc-43a0-ac72-2312d8565348', '1239671235812'),
(4386342, '2022-11-21 20:23:44', '380977790000', '380999888776', 'Example message text', 4, 'bfddbcfb-96cf-444b-afa7-a1850cf7db7b', '1239671235812'),
(4386350, '2022-11-21 20:33:03', '380977790000', '380999888776', 'Example message text', 4, 'da1605f6-eb25-4da1-97a4-a8e5b9f4ef83', '1239671235812'),
(4386360, '2022-11-21 20:57:04', '380977790000', '380999888776', 'Example message text', 4, 'cacaf236-5e09-4297-95f7-70e47bbb4bb8', '1239671235812'),
(4386362, '2022-11-21 20:57:54', '380977790000', '380999888776', 'Example message text', 4, 'fa894358-ab95-497f-afc7-2052d7c7a458', '1239671235812'),
(4386363, '2022-11-21 20:57:54', '380977790000', '380999888776', 'Example message text', 4, '19065565-3220-4a79-b011-c4d1a931e304', '1239671235812'),
(4386364, '2022-11-21 20:57:54', '380977790000', '380999888776', 'Example message text', 4, 'd11fc4a6-127e-42e4-8cb7-d4c193dce839', '1239671235812'),
(4386365, '2022-11-21 20:59:06', '380977790000', '380999888776', 'Example message text', 4, 'bbc0687a-1ebd-41e5-a55a-d2418b5a0036', '1239671235812'),
(4386366, '2022-11-21 20:59:06', '380977790000', '380999888776', 'Example message text', 4, '6b75a4ee-ff25-43bd-9829-d1d3b92ceeab', '1239671235812'),
(4386367, '2022-11-21 20:59:06', '380977790000', '380999888776', 'Example message text', 4, 'a4ab87c9-f2a1-49e8-bd79-c60dbf3de89b', '1239671235812'),
(4386898, '2022-11-22 08:00:01', '380508670000', '380999888776', 'Example message text', 1, '', '1239671235812'),
(4386899, '2022-11-22 08:00:01', '380508670000', '380999888776', 'Example message text', 1, '', '1239671235812'),
(4386945, '2022-11-22 08:06:45', '380977790000', '380999888776', 'Example message text', 4, '5f16b8e0-ed8b-405e-97c7-3f436a7363dd', '1239671235812'),
(4387286, '2022-11-22 09:00:01', '380508670000', '380999888776', 'Example message text', 1, '', '1239671235812'),
(4388482, '2022-11-22 11:22:17', '380508670000', '380999888776', 'Example message text', 1, '84e238b0-2bd3-44d0-b33c-861fd3248ee9', '1239671235812'),
(4388490, '2022-11-22 11:22:49', '380508670000', '380999888776', 'Example message text', 1, 'd3f359e2-bd4b-4c48-ab6f-2c171a04db6c', '1239671235812');

-- --------------------------------------------------------

--
-- Структура таблицы `servers`
--

CREATE TABLE `servers` (
  `id` int(11) NOT NULL,
  `server` int(11) DEFAULT 0,
  `username` bigint(20) DEFAULT 0,
  `status` varchar(30) DEFAULT '',
  `datetime` datetime DEFAULT current_timestamp(),
  `number` varchar(17) DEFAULT '0',
  `link` text DEFAULT '',
  `priority` int(11) DEFAULT 0
) ENGINE=MyISAM DEFAULT CHARSET=utf8;

--
-- Дамп данных таблицы `servers`
--

INSERT INTO `servers` (`id`, `server`, `username`, `status`, `datetime`, `number`, `link`, `priority`) VALUES
(5, 61, 2, 'Активирован', '2022-03-07 23:38:37', '380508670000', '', 5),
(208, 75, 3, 'Свободен', '2022-11-23 08:08:48', '', '', 6),
(182, 68, 8, 'Свободен', '2022-11-23 06:14:14', '', '', 6),
(99, 54, 1, 'Свободен', '2022-11-23 06:12:50', '', '', 6),
(87, 52, 9, 'Свободен', '2022-11-23 02:47:37', '', '', 6),
(86, 52, 8, 'Свободен', '2022-11-23 00:19:40', '', '', 6),
(78, 51, 10, 'Свободен', '2022-11-23 05:44:04', '', '', 6),
(75, 51, 7, 'Свободен', '2022-11-23 01:47:20', '', '', 6),
(71, 51, 3, 'Свободен', '2022-11-23 10:07:38', '', '', 6),
(65, 50, 7, 'Свободен', '2022-11-23 09:51:48', '380999888776', '', 6),
(64, 50, 6, 'Свободен', '2022-11-23 00:46:54', '', '', 6);

-- --------------------------------------------------------

--
-- Структура таблицы `updaters`
--

CREATE TABLE `updaters` (
  `id` int(11) NOT NULL,
  `server` int(11) NOT NULL DEFAULT 0,
  `version` float NOT NULL DEFAULT 0
) ENGINE=InnoDB DEFAULT CHARSET=utf8mb4 COLLATE=utf8mb4_unicode_ci COMMENT='Обновления серверов';

-- --------------------------------------------------------

--
-- Структура таблицы `users`
--

CREATE TABLE `users` (
  `id` int(11) NOT NULL,
  `login` bigint(20) NOT NULL DEFAULT 0,
  `API` text NOT NULL DEFAULT '',
  `end_tarif` date NOT NULL DEFAULT '0000-00-00',
  `server` int(11) NOT NULL DEFAULT 0,
  `avans_start_date` date NOT NULL DEFAULT '0000-00-00',
  `is_avans` int(11) NOT NULL DEFAULT 0,
  `status` varchar(29) NOT NULL DEFAULT '',
  `disabled` int(11) NOT NULL DEFAULT 0,
  `account_id` int(11) NOT NULL DEFAULT 0,
  `create_date` datetime NOT NULL DEFAULT current_timestamp(),
  `paid` int(2) NOT NULL DEFAULT 0,
  `tarif` text NOT NULL
) ENGINE=MyISAM DEFAULT CHARSET=utf8;

--
-- Дамп данных таблицы `users`
--

INSERT INTO `users` (`id`, `login`, `API`, `end_tarif`, `server`, `avans_start_date`, `is_avans`, `status`, `disabled`, `account_id`, `create_date`, `paid`, `tarif`) VALUES
(1, 380673869594, 'wu$Y7P0%C6', '2022-12-11', 6, '0000-00-00', 0, 'Активен', 0, 90, '2022-12-06 14:45:39', 1, 'Стандарт'),
(691, 380975700000, 'wu$Y7P0%C6', '2022-12-05', 29, '0000-00-00', 0, 'Активен', 0, 0, '2021-08-17 11:24:13', 1, 'Стандарт'),
(815, 380999888776, 'wu$Y7P0%C6', '2022-12-08', 16, '0000-00-00', 0, 'Активен', 0, 848, '2021-11-08 11:59:48', 1, 'Стандарт'),
(816, 380670070000, 'wu$Y7P0%C6', '0000-00-01', 0, '0000-00-00', 0, 'Активен', 0, 848, '2021-11-08 13:32:08', 0, 'Стандарт'),
(898, 380977790000, 'wu$Y7P0%C6', '2022-12-05', 66, '2023-01-03', 1, 'Активен', 0, 999, '2021-12-21 16:32:10', 1, 'Стандарт'),
(1256, 5555, 'rr', '2022-11-02', 54, '0000-00-00', 0, 'Активен', 0, 0, '2022-12-05 14:26:01', 0, 'Стандарт'),
(1257, 380999999999, '63ac1fde692cf', '0000-00-01', 0, '0000-00-00', 0, 'Требует активации', 1, 670, '2022-12-27 11:06:53', 0, 'Тестовый');

-- --------------------------------------------------------

--
-- Структура таблицы `webhooks`
--

CREATE TABLE `webhooks` (
  `id` int(11) NOT NULL,
  `type` varchar(10) NOT NULL DEFAULT '',
  `email` varchar(30) NOT NULL DEFAULT '',
  `account_id` int(11) NOT NULL DEFAULT 0,
  `link` text NOT NULL DEFAULT ''
) ENGINE=MyISAM DEFAULT CHARSET=utf8;

--
-- Индексы сохранённых таблиц
--

--
-- Индексы таблицы `accounts`
--
ALTER TABLE `accounts`
  ADD PRIMARY KEY (`id`),
  ADD UNIQUE KEY `email` (`email`);

--
-- Индексы таблицы `activation_line`
--
ALTER TABLE `activation_line`
  ADD PRIMARY KEY (`id`);

--
-- Индексы таблицы `amo_scope`
--
ALTER TABLE `amo_scope`
  ADD PRIMARY KEY (`id`),
  ADD UNIQUE KEY `name` (`name`);

--
-- Индексы таблицы `balance`
--
ALTER TABLE `balance`
  ADD PRIMARY KEY (`id`);

--
-- Индексы таблицы `balance_log`
--
ALTER TABLE `balance_log`
  ADD PRIMARY KEY (`id`);

--
-- Индексы таблицы `companies`
--
ALTER TABLE `companies`
  ADD PRIMARY KEY (`id`),
  ADD UNIQUE KEY `number` (`number`) USING BTREE;

--
-- Индексы таблицы `credits`
--
ALTER TABLE `credits`
  ADD PRIMARY KEY (`id`);

--
-- Индексы таблицы `integrations`
--
ALTER TABLE `integrations`
  ADD PRIMARY KEY (`id`);

--
-- Индексы таблицы `invitations`
--
ALTER TABLE `invitations`
  ADD PRIMARY KEY (`id`),
  ADD UNIQUE KEY `email` (`email`);

--
-- Индексы таблицы `last_unsend_id`
--
ALTER TABLE `last_unsend_id`
  ADD PRIMARY KEY (`company`);

--
-- Индексы таблицы `messages`
--
ALTER TABLE `messages`
  ADD PRIMARY KEY (`id`),
  ADD UNIQUE KEY `id` (`id`);

--
-- Индексы таблицы `payments`
--
ALTER TABLE `payments`
  ADD PRIMARY KEY (`id`);

--
-- Индексы таблицы `sent_messages`
--
ALTER TABLE `sent_messages`
  ADD PRIMARY KEY (`id`);

--
-- Индексы таблицы `servers`
--
ALTER TABLE `servers`
  ADD PRIMARY KEY (`id`);

--
-- Индексы таблицы `updaters`
--
ALTER TABLE `updaters`
  ADD PRIMARY KEY (`id`),
  ADD UNIQUE KEY `server` (`server`);

--
-- Индексы таблицы `users`
--
ALTER TABLE `users`
  ADD PRIMARY KEY (`id`),
  ADD UNIQUE KEY `login` (`login`);

--
-- Индексы таблицы `webhooks`
--
ALTER TABLE `webhooks`
  ADD PRIMARY KEY (`id`),
  ADD KEY `id` (`id`);

--
-- AUTO_INCREMENT для сохранённых таблиц
--

--
-- AUTO_INCREMENT для таблицы `accounts`
--
ALTER TABLE `accounts`
  MODIFY `id` int(11) NOT NULL AUTO_INCREMENT, AUTO_INCREMENT=2259;

--
-- AUTO_INCREMENT для таблицы `activation_line`
--
ALTER TABLE `activation_line`
  MODIFY `id` int(11) NOT NULL AUTO_INCREMENT, AUTO_INCREMENT=481;

--
-- AUTO_INCREMENT для таблицы `amo_scope`
--
ALTER TABLE `amo_scope`
  MODIFY `id` int(11) NOT NULL AUTO_INCREMENT;

--
-- AUTO_INCREMENT для таблицы `balance`
--
ALTER TABLE `balance`
  MODIFY `id` int(11) NOT NULL AUTO_INCREMENT;

--
-- AUTO_INCREMENT для таблицы `balance_log`
--
ALTER TABLE `balance_log`
  MODIFY `id` int(11) NOT NULL AUTO_INCREMENT;

--
-- AUTO_INCREMENT для таблицы `companies`
--
ALTER TABLE `companies`
  MODIFY `id` int(11) NOT NULL AUTO_INCREMENT, AUTO_INCREMENT=1471;

--
-- AUTO_INCREMENT для таблицы `credits`
--
ALTER TABLE `credits`
  MODIFY `id` int(11) NOT NULL AUTO_INCREMENT, AUTO_INCREMENT=136;

--
-- AUTO_INCREMENT для таблицы `integrations`
--
ALTER TABLE `integrations`
  MODIFY `id` int(11) NOT NULL AUTO_INCREMENT;

--
-- AUTO_INCREMENT для таблицы `invitations`
--
ALTER TABLE `invitations`
  MODIFY `id` int(11) NOT NULL AUTO_INCREMENT, AUTO_INCREMENT=72;

--
-- AUTO_INCREMENT для таблицы `messages`
--
ALTER TABLE `messages`
  MODIFY `id` int(11) NOT NULL AUTO_INCREMENT, AUTO_INCREMENT=14083887;

--
-- AUTO_INCREMENT для таблицы `payments`
--
ALTER TABLE `payments`
  MODIFY `id` int(11) NOT NULL AUTO_INCREMENT, AUTO_INCREMENT=3667;

--
-- AUTO_INCREMENT для таблицы `sent_messages`
--
ALTER TABLE `sent_messages`
  MODIFY `id` int(11) NOT NULL AUTO_INCREMENT, AUTO_INCREMENT=4388769;

--
-- AUTO_INCREMENT для таблицы `servers`
--
ALTER TABLE `servers`
  MODIFY `id` int(11) NOT NULL AUTO_INCREMENT, AUTO_INCREMENT=209;

--
-- AUTO_INCREMENT для таблицы `updaters`
--
ALTER TABLE `updaters`
  MODIFY `id` int(11) NOT NULL AUTO_INCREMENT;

--
-- AUTO_INCREMENT для таблицы `users`
--
ALTER TABLE `users`
  MODIFY `id` int(11) NOT NULL AUTO_INCREMENT, AUTO_INCREMENT=1258;

--
-- AUTO_INCREMENT для таблицы `webhooks`
--
ALTER TABLE `webhooks`
  MODIFY `id` int(11) NOT NULL AUTO_INCREMENT;
COMMIT;

/*!40101 SET CHARACTER_SET_CLIENT=@OLD_CHARACTER_SET_CLIENT */;
/*!40101 SET CHARACTER_SET_RESULTS=@OLD_CHARACTER_SET_RESULTS */;
/*!40101 SET COLLATION_CONNECTION=@OLD_COLLATION_CONNECTION */;
