-- phpMyAdmin SQL Dump
-- version 4.9.9
-- https://www.phpmyadmin.net/
--
-- Хост: 127.0.0.1
-- Время создания: Дек 29 2022 г., 14:27
-- Версия сервера: 10.5.7-MariaDB
-- Версия PHP: 5.6.40

SET SQL_MODE = "NO_AUTO_VALUE_ON_ZERO";
SET AUTOCOMMIT = 0;
START TRANSACTION;
SET time_zone = "+00:00";


/*!40101 SET @OLD_CHARACTER_SET_CLIENT=@@CHARACTER_SET_CLIENT */;
/*!40101 SET @OLD_CHARACTER_SET_RESULTS=@@CHARACTER_SET_RESULTS */;
/*!40101 SET @OLD_COLLATION_CONNECTION=@@COLLATION_CONNECTION */;
/*!40101 SET NAMES utf8mb4 */;

--
-- База данных: `echat_amo_dev`
--

-- --------------------------------------------------------

--
-- Структура таблицы `accounts`
--

CREATE TABLE `accounts` (
  `id` int(11) NOT NULL,
  `email` varchar(70) NOT NULL DEFAULT '',
  `name` text NOT NULL DEFAULT '\'\'',
  `company_name` text NOT NULL DEFAULT '\'\'',
  `password` text NOT NULL DEFAULT '\'\'',
  `ref` varchar(15) NOT NULL DEFAULT '0',
  `is_partner` varchar(7) NOT NULL DEFAULT '0',
  `datetime` datetime NOT NULL DEFAULT current_timestamp(),
  `params` text NOT NULL DEFAULT '\'\'',
  `language` varchar(17) NOT NULL DEFAULT ''
) ENGINE=MyISAM DEFAULT CHARSET=utf8;

--
-- Дамп данных таблицы `accounts`
--

INSERT INTO `accounts` (`id`, `email`, `name`, `company_name`, `password`, `ref`, `is_partner`, `datetime`, `params`, `language`) VALUES
(670, 'lev@gmail.com', 'Артём Сергеевич', 'E-chat', '1111', '0', '10', '2021-08-06 15:51:19', 'approve', 'ua'),
(155, '1@gmail.com', 'Иван Иванов', '\'Example company_name\'', 'wu$Y7P0%C6', '0', '1', '2021-11-08 10:41:59', '', ''),
(848, 'photomaxlida@gmail.com\r\n', 'Иван Иванов', '\'Example company_name\'', 'wu$Y7P0%C6', '155', '0', '2021-11-08 13:29:30', '', 'ru'),
(905, 'tested@gmail.com', 'Иван Иванов', '\'Example company_name\'', 'wu$Y7P0%C6', '0', '0', '2021-12-14 17:00:26', '', 'ua');

-- --------------------------------------------------------

--
-- Структура таблицы `activation_line`
--

CREATE TABLE `activation_line` (
  `id` int(11) NOT NULL,
  `number` bigint(20) NOT NULL DEFAULT 0,
  `status` int(11) NOT NULL DEFAULT 0,
  `date_time` datetime NOT NULL DEFAULT current_timestamp()
) ENGINE=MyISAM DEFAULT CHARSET=utf8;

--
-- Дамп данных таблицы `activation_line`
--

INSERT INTO `activation_line` (`id`, `number`, `status`, `date_time`) VALUES
(375, 0, 1, '2022-10-19 12:02:27');

-- --------------------------------------------------------

--
-- Структура таблицы `amo_messages`
--

CREATE TABLE `amo_messages` (
  `id` int(11) NOT NULL,
  `msg_id` text COLLATE utf8mb4_bin NOT NULL DEFAULT '',
  `sender_ref_id` text COLLATE utf8mb4_bin NOT NULL DEFAULT '',
  `conversation_ref_id` text COLLATE utf8mb4_bin NOT NULL DEFAULT '',
  `chat_id` int(11) NOT NULL DEFAULT 0,
  `id_in_messages` int(11) NOT NULL DEFAULT 0,
  `status` int(11) NOT NULL DEFAULT 0,
  `company_name` text COLLATE utf8mb4_bin NOT NULL DEFAULT '',
  `reciever` text COLLATE utf8mb4_bin NOT NULL DEFAULT ''
) ENGINE=MyISAM DEFAULT CHARSET=utf8mb4 COLLATE=utf8mb4_bin;

--
-- Дамп данных таблицы `amo_messages`
--

INSERT INTO `amo_messages` (`id`, `msg_id`, `sender_ref_id`, `conversation_ref_id`, `chat_id`, `id_in_messages`, `status`, `company_name`, `reciever`) VALUES
(574164, '8c1925ff-7ede-4187-a608-dd8f762d463a', 'dcde261c-01f9-4bdc-9c8b-1b98d25db2bb', '1a2d7fbb-bfef-456f-a315-52f66a5abe7a', 1, 1, 0, '380508670000', '380999888776'),
(574165, 'e6eb06fd-0305-45d9-a4c4-db6b79c64db9', '7c340fa8-cf7b-4097-a1e8-94e7b85ad4c4', '9bd49e61-f52e-4a91-bed5-c0b34c076aab', 1, 1, 0, '380508670000', '380999888776'),
(574166, 'fc8d84aa-c7f5-45d4-bda2-9dfe0186cb10', 'f670769d-9ae6-4544-84b6-fa822201427b', '3375a83c-d2c3-4e6f-82d4-375137be0648', 1, 1, 0, '380508670000', '380999888776'),
(574167, '3f59ba20-a8a5-43d8-a440-cd4278bd3018', 'ff847ce7-8b38-41d6-b162-50135856c73d', '155df81a-89b5-4872-8f84-72ba0a1ebdfc', 1, 1, 0, '380508670000', '380999888776'),
(574168, '90950712-36ae-4099-8b68-23f6ca3fcced', 'be5138ba-ffb3-4615-8f9b-9ac8ce625198', 'e667db8c-b10b-4642-87f9-8dc516a42053', 1, 1, 0, '380508670000', '380999888776'),
(574169, 'abbc6f1c-8beb-48b7-9828-b6c0c8a57410', 'b6dcb713-5414-4127-b19f-4dc96c8aa85a', 'd59b4814-25a3-406b-bcab-ae28f4d72dac', 1, 1, 0, '380508670000', '380999888776'),
(579067, '8468bb2a-4cbf-4045-88a8-7f233ef1a5ee', 'c559819b-703a-46c9-8a6f-7b5c0dfeaee5', '3b64ee4c-8061-4fe0-b780-2997ff5902b5', 1, 1, 0, '380508670000', '380999888776'),
(582434, 'dc28b03c-69d3-487e-a654-577f8e41b257', 'cc077ee0-b112-48a0-b572-460e3c14c852', '85f3c573-c509-4fb6-bbd6-a12fddd25548', 1, 1, 0, '380508670000', '380999888776'),
(621437, '56986935-2564-4b10-bf1d-69c4d0085c4a', '63e0d9cd-afe1-476c-8056-7c4013141ba3', 'fde60177-5cc0-472a-bf8d-8842665eceff', 1, 1, 0, '380508670000', '380999888776'),
(641488, '3bf6f5fb-5c03-47f4-86cf-b2806cbdec71', 'be5138ba-ffb3-4615-8f9b-9ac8ce625198', 'e667db8c-b10b-4642-87f9-8dc516a42053', 1, 1, 0, '380508670000', '380999888776'),
(643192, 'b93472a5-6381-4b55-b66e-b621ca66a174', '0ac0be4c-e899-45e2-9743-a959b26597df', '9a6cd48a-ab1a-4ae2-88e7-fcf5456806ff', 1, 1, 0, '380508670000', '380999888776'),
(672729, 'a3051502-7461-4c43-a426-b2641a19e452', 'e5cf89ce-0795-439e-b48a-4b4c55d3b4c6', '99d6afa8-0038-4dc9-8bff-4c9b41cc04d6', 1, 1, 0, '380508670000', '380999888776'),
(672731, 'fde63539-eeaa-48d1-869f-649573f5147f', 'e5cf89ce-0795-439e-b48a-4b4c55d3b4c6', '99d6afa8-0038-4dc9-8bff-4c9b41cc04d6', 1, 1, 0, '380508670000', '380999888776'),
(694409, 'b34bbb9a-61df-49b8-999e-a688f2663e61', '9290bffa-b120-42dc-8e5f-142dcc5f32ff', '584497c9-b19f-4a64-ae6b-22cc89fe193e', 1, 1, 0, '380508670000', '380999888776'),
(718251, '43e7a432-6470-4477-945b-1c8c9a36b55b', '17a7c535-8afd-4f50-b176-892be525b9d2', '015152e9-3099-43e2-adad-f4ed8a9698b6', 1, 1, 0, '380508670000', '380999888776'),
(743909, '9ae11aad-8b72-4023-a9a1-af4d8e54e86b', 'a8c5fbaf-6c72-4fa2-871a-67780cd5486b', '9085ead8-78bc-4445-94f8-25a3103d92fe', 1, 1, 0, '380508670000', '380999888776'),
(753533, '5a128f1b-78ae-430c-b572-46392bc8bf5d', '0d57d5bc-45db-47db-afe3-89267a438f1a', '75850c7c-0f08-4eb9-991f-1bbb0a357080', 1, 1, 0, '380508670000', '380999888776'),
(770492, 'abac72a5-f2a0-4da2-8596-4635d8254b28', 'abd7f0db-f908-4597-a703-c0b716e51263', '6eb0e36a-1be5-4b19-90e4-7b7502a47d03', 1, 1, 0, '380508670000', '380999888776'),
(770491, '13c2cad5-e64c-45ea-b04c-8538d47f3dd2', 'b17bc0f3-9b7d-4a7c-898c-bcc461bc7732', '95e9d65a-5b05-4418-af0a-d3d7825289c4', 1, 1, 0, '380508670000', '380999888776'),
(852589, 'a8e997df-a475-41ce-a180-5191df64d0cf', '2e3dac41-2d7e-41e1-82c2-ce533c4a9777', '2ab12fc1-b26c-4a51-9bf0-6983f30414af', 1, 1, 0, '380508670000', '380999888776'),
(887739, '69c707da-e976-498d-a6b4-3aa7782f7f82', '03833259-3c8d-4da9-a4b7-af7b244078aa', 'e2879a76-a2fd-4eaa-8929-ae5d922d8cb7', 1, 1, 0, '380508670000', '380999888776'),
(946281, 'e47ef693-9efb-456b-8fd3-b26ad9341859', '8ba3a444-962e-4b4d-bdf7-68ed70bbce69', '973d97ca-6d0b-48d5-b45e-393c861b07c6', 1, 1, 0, '380508670000', '380999888776'),
(946282, '843fb494-13db-44f6-8b7a-96ac9d308b63', '8ba3a444-962e-4b4d-bdf7-68ed70bbce69', '973d97ca-6d0b-48d5-b45e-393c861b07c6', 1, 1, 0, '380508670000', '380999888776'),
(979297, 'c1b511dd-1034-4a79-9ab5-79b0a14f3c6a', '7d43d0f3-73e2-4d6e-96be-44b2dcbdfdd7', 'b06bade6-39a8-4963-98e1-2104121a3bab', 1, 1, 0, '380508670000', '380999888776'),
(1048967, '9baf8399-0d44-455d-8aac-b9d5bbcbaf5d', '2e1b922a-5416-4b9b-8bcc-4b87ebdda427', 'd8c9ab88-3de6-4a3c-b260-01c330a34fd3', 1, 1, 0, '380508670000', '380999888776'),
(1048966, '48cfb874-59d7-42c4-a336-0f4ed90be02e', '2e1b922a-5416-4b9b-8bcc-4b87ebdda427', 'd8c9ab88-3de6-4a3c-b260-01c330a34fd3', 1, 1, 0, '380508670000', '380999888776'),
(1121973, '9895b7dd-c9e3-473f-aef7-2a32fe2e8600', '6e214d0e-6c75-4497-b086-f0fea5884367', '2732740c-7269-4288-9a8a-ed17610d3eaa', 1, 1, 0, '380508670000', '380999888776'),
(1181588, 'b238e9ef-9ae4-488b-aa0d-ea796f0cf1ce', '0273e6bf-6e6b-472b-83e4-0a146f005396', '6a04589a-7d3b-48d1-b6a3-46e7f2616ccf', 1, 1, 0, '380508670000', '380999888776'),
(1181589, '87b04b5f-9c3a-4b4f-b7cd-4ee88d6b1108', '0273e6bf-6e6b-472b-83e4-0a146f005396', '6a04589a-7d3b-48d1-b6a3-46e7f2616ccf', 1, 1, 0, '380508670000', '380999888776'),
(1181595, '84548a97-cad0-4144-9217-8f89109ecb13', '0273e6bf-6e6b-472b-83e4-0a146f005396', '6a04589a-7d3b-48d1-b6a3-46e7f2616ccf', 1, 1, 0, '380508670000', '380999888776'),
(1181691, 'e39d71f6-90fb-4d28-8c0f-3f3dbd5eb24c', '0273e6bf-6e6b-472b-83e4-0a146f005396', '6a04589a-7d3b-48d1-b6a3-46e7f2616ccf', 1, 1, 0, '380508670000', '380999888776'),
(1181688, '63559a68-16ab-429c-95ed-1e6a4b722101', '0273e6bf-6e6b-472b-83e4-0a146f005396', '6a04589a-7d3b-48d1-b6a3-46e7f2616ccf', 1, 1, 0, '380508670000', '380999888776'),
(1181653, '68aa9490-3ff4-43a3-b2a0-ce9863b5d6c3', '0273e6bf-6e6b-472b-83e4-0a146f005396', '6a04589a-7d3b-48d1-b6a3-46e7f2616ccf', 1, 1, 0, '380508670000', '380999888776'),
(1183190, 'fb134b2b-85b4-49ab-9447-e998908251da', 'aebed3a3-5de9-4c23-8b7b-85d2ad4c99bc', '56bfa8f9-25aa-419b-92a0-5bfc842d4979', 1, 1, 0, '380508670000', '380999888776'),
(1192919, '28617ae0-525b-443d-8933-efa20ec8f5d8', '76c8a95d-fa8b-4211-a612-0e36a23f137d', '2ab7fe41-b087-4de7-9669-7be5da263614', 1, 1, 0, '380508670000', '380999888776'),
(1801404, '6e8f62f3-0b55-4835-8fe4-c08034f5ad66', '1e69c745-175c-41a9-ab57-ba21147e204a', '1137cffa-40fa-4e5d-8223-34b0f654cd99', 1, 1, 0, '380508670000', '380999888776'),
(1209036, '0024665d-2d42-432f-9269-904c60f3a91e', 'dd16c563-0a7a-439f-8e40-1995fbbc6569', 'aaa3c840-fb61-4d5f-8bc8-98c061087d97', 1, 1, 0, '380508670000', '380999888776'),
(1209035, 'd305be48-7dc9-49fd-8f0b-2d12b44eea3a', 'dd16c563-0a7a-439f-8e40-1995fbbc6569', 'aaa3c840-fb61-4d5f-8bc8-98c061087d97', 1, 1, 0, '380508670000', '380999888776'),
(1209069, '952f70e9-df1d-4ce7-b8cd-74368c0820af', 'dd16c563-0a7a-439f-8e40-1995fbbc6569', 'aaa3c840-fb61-4d5f-8bc8-98c061087d97', 1, 1, 0, '380508670000', '380999888776'),
(1209100, '7435d89f-b48f-4f5a-b832-d300fb54b067', 'dd16c563-0a7a-439f-8e40-1995fbbc6569', 'aaa3c840-fb61-4d5f-8bc8-98c061087d97', 1, 1, 0, '380508670000', '380999888776'),
(1434415, '6901f130-5669-4568-b692-0e2b58b4bd4d', 'f32a8191-2c39-4d90-9dbb-ca089396142a', 'ea3be875-d306-41b5-b975-c309bdc6f917', 1, 1, 0, '380508670000', '380999888776'),
(1497474, '3649cac7-cdac-4a25-ae00-20930bf8ef11', '105254b5-0532-46a1-b99b-e1f477af77d2', 'fe1b1390-1c54-45ed-a63e-28a8b89783f2', 1, 1, 0, '380975700000', '380999888776'),
(1497136, '0e278fa9-d977-4ed8-88fb-cb54c84299e4', '4915c795-34af-4e02-8977-2d1c30fc53af', '82f67987-5ba5-4fc6-a7b3-ef4723dacc70', 1, 1, 0, '380975700000', '380999888776'),
(1497475, 'cb3d26ea-3506-414f-9502-4465490c1ed9', '440034e7-9bf7-4371-b7a6-feb70d468edb', '003122da-25da-48e7-9351-1118cf118020', 1, 1, 0, '380975700000', '380999888776'),
(1498291, '45abe02e-c260-478e-97a7-212a24b7fed5', '0dbff3df-0b51-4362-adff-dc390e2c7898', '7978792b-3aee-4374-bfc8-10c27f56c363', 1, 1, 0, '380975700000', '380999888776'),
(1498290, '75565cb7-cf6d-4117-a4c7-de27cf545444', '0dbff3df-0b51-4362-adff-dc390e2c7898', '7978792b-3aee-4374-bfc8-10c27f56c363', 1, 1, 0, '380975700000', '380999888776'),
(1498310, 'db0ab39a-a03e-4a82-8d22-fec9a92131c3', 'f4accabe-79bf-479f-b8ee-17de1d0148bb', '6900f897-531e-4ec3-8af2-1982961816cb', 1, 1, 0, '380975700000', '380999888776'),
(1498269, 'c06abaf0-8bf7-42ed-8222-0adc1f4048ab', '47b51ab0-c42e-403b-9b31-688e818d92f1', '2cdf80aa-0800-431a-86ae-f0aaf80bbe6f', 1, 1, 0, '380975700000', '380999888776'),
(1498256, '3822f628-9290-4037-b72e-f05899bc692f', 'ca8e4bf9-8861-4e9b-97d6-d1fa50f741b9', 'fa654f3f-f1f7-4018-924b-2fb74a660b18', 1, 1, 0, '380975700000', '380999888776'),
(1498257, 'e3e55961-fdb1-4db4-a7a8-453bb6353227', 'ca8e4bf9-8861-4e9b-97d6-d1fa50f741b9', 'fa654f3f-f1f7-4018-924b-2fb74a660b18', 1, 1, 0, '380975700000', '380999888776'),
(1498259, '57e2e07a-c803-47b1-94e4-1125e553a225', '98cd190a-b6c9-454d-9ddf-b1ee89e3be28', 'ae4db029-87b1-4f09-9bca-34ed1052341b', 1, 1, 0, '380975700000', '380999888776'),
(1498260, 'd77a4f7a-9a98-4b7d-8592-0c8d595d11ab', '98cd190a-b6c9-454d-9ddf-b1ee89e3be28', 'ae4db029-87b1-4f09-9bca-34ed1052341b', 1, 1, 0, '380975700000', '380999888776'),
(1498268, '6b25ae1f-0cbf-4cd5-84f1-8091d2ef51d2', '47b51ab0-c42e-403b-9b31-688e818d92f1', '2cdf80aa-0800-431a-86ae-f0aaf80bbe6f', 1, 1, 0, '380975700000', '380999888776'),
(1498275, 'd7807370-1805-44dc-8b7a-9fc8473f26f3', 'bb9e3983-a32e-4740-8650-87c94659ffba', '01beac5f-160b-4d43-b6d9-98dd4ff7c3a6', 1, 1, 0, '380975700000', '380999888776'),
(1498278, 'e2a614a7-2101-4b5f-8786-50639affd37c', '651b03f1-97de-4f87-82d3-aa0914faed01', 'b6687044-c517-46f2-82bb-4594c8834fa2', 1, 1, 0, '380975700000', '380999888776'),
(1498280, '33f8fdaf-f50f-471d-aad6-7a566770c633', '651b03f1-97de-4f87-82d3-aa0914faed01', 'b6687044-c517-46f2-82bb-4594c8834fa2', 1, 1, 0, '380975700000', '380999888776'),
(1498309, 'bea44cad-737f-4821-bf88-71818f8ab6d0', 'f4accabe-79bf-479f-b8ee-17de1d0148bb', '6900f897-531e-4ec3-8af2-1982961816cb', 1, 1, 0, '380975700000', '380999888776'),
(1498294, '8381ec16-e1f3-400b-8ca4-7dff1c232823', '71f92c42-1674-4744-ab58-3938b2c343bd', '6b373898-eebf-4593-9ee5-a0f563371bb6', 1, 1, 0, '380975700000', '380999888776'),
(1498293, '6d66d501-0ff5-47e2-b874-89d34f954913', '71f92c42-1674-4744-ab58-3938b2c343bd', '6b373898-eebf-4593-9ee5-a0f563371bb6', 1, 1, 0, '380975700000', '380999888776'),
(1498332, 'e4c6c8bc-eee2-43f3-9cdc-813a34e76b02', 'd3adda0c-cfd1-4a00-a994-788241c0121f', 'd2c597b6-3a14-4d5b-9582-19b3e33daccf', 1, 1, 0, '380975700000', '380999888776'),
(1498335, 'aefb774b-d4b7-4201-b3ae-d49ad2000601', 'd3adda0c-cfd1-4a00-a994-788241c0121f', 'd2c597b6-3a14-4d5b-9582-19b3e33daccf', 1, 1, 0, '380975700000', '380999888776'),
(1498345, 'd7aa2171-282a-4eb7-895a-75c438d0ebde', '4d08dd0f-4429-437e-bbc1-a2145d4db9fb', 'b30dbf4a-5f99-4574-8882-3c1297b45bd9', 1, 1, 0, '380975700000', '380999888776'),
(1498346, '48a2d349-693f-4f9f-a2fe-cfbd0c2129b0', '4d08dd0f-4429-437e-bbc1-a2145d4db9fb', 'b30dbf4a-5f99-4574-8882-3c1297b45bd9', 1, 1, 0, '380975700000', '380999888776'),
(1498495, 'e76a2bde-e323-4cab-ac9a-b1a84f6b4af0', 'd27ce4e9-cd4c-4f16-a8ae-6460893f439d', '831a529e-5489-4137-a124-fcd6adad9bf6', 1, 1, 0, '380975700000', '380999888776'),
(1498494, '29b2ffab-63d0-48d5-ae18-f70090429534', 'd27ce4e9-cd4c-4f16-a8ae-6460893f439d', '831a529e-5489-4137-a124-fcd6adad9bf6', 1, 1, 0, '380975700000', '380999888776'),
(1498491, 'efb84d7c-6da2-4cad-93f6-f9a2500894bb', 'a467f044-8b4f-481f-9f70-c1c8b8411fed', '8a70bc45-0cc3-45f2-8bf1-5017b14377a9', 1, 1, 0, '380975700000', '380999888776'),
(1498485, 'a947afa0-7f7a-4b43-87f0-eeba2a6c048f', 'd71e4a2a-c716-4db4-a5ab-5e5c9daec9d9', 'db6e33e8-1e02-4a66-a6ad-04e2e2ad3193', 1, 1, 0, '380975700000', '380999888776'),
(1498483, 'ac0b1fb3-f88c-4b7f-b12d-25821aa9e576', 'd71e4a2a-c716-4db4-a5ab-5e5c9daec9d9', 'db6e33e8-1e02-4a66-a6ad-04e2e2ad3193', 1, 1, 0, '380975700000', '380999888776'),
(1498456, 'd27c036e-5182-4c01-94fd-439fd3bbe29b', '5cf53aec-5138-4b52-b2b6-b66f08693701', '7fa7d75b-4182-4c3b-a69b-6008971f3d65', 1, 1, 0, '380975700000', '380999888776'),
(1498458, 'c3a31474-9215-438e-830e-5d7e0eca1f1c', '8527fea0-3af2-41c4-89a4-8d62d2fb032d', '200c4623-f6b5-49b9-a3f2-22b3d9969a09', 1, 1, 0, '380975700000', '380999888776'),
(1498462, '9d980056-a153-48be-9e20-b29d744cf3f6', '8527fea0-3af2-41c4-89a4-8d62d2fb032d', '200c4623-f6b5-49b9-a3f2-22b3d9969a09', 1, 1, 0, '380975700000', '380999888776'),
(1498469, 'f57f7e90-fa2b-4e04-9265-e780e7d9987a', '39a15a91-e1dc-41d3-bf66-57473a9ab0c8', '329ad6e1-3c31-46d9-9454-73e55526e2ee', 1, 1, 0, '380975700000', '380999888776'),
(1498477, 'bfe93deb-2315-4d64-87d3-04a6b247ceec', '03055499-0bfe-4cd6-a34b-43463efd55b7', 'f1757eb3-381f-477c-aeed-682383c12eb8', 1, 1, 0, '380975700000', '380999888776'),
(1498476, 'a0e0fe38-bae4-4af4-a9d9-a747773b92cb', '03055499-0bfe-4cd6-a34b-43463efd55b7', 'f1757eb3-381f-477c-aeed-682383c12eb8', 1, 1, 0, '380975700000', '380999888776'),
(1498499, '2b8545d5-8468-4372-b5a5-1f95f0b2f046', '0eee2a49-24a9-4b74-b8ce-d0604ce29b7f', 'e9dec372-4bcb-4305-a638-05d9fb5024b7', 1, 1, 0, '380975700000', '380999888776'),
(1498500, 'c8ed567f-1e7b-4134-909a-6511889105f9', '0eee2a49-24a9-4b74-b8ce-d0604ce29b7f', 'e9dec372-4bcb-4305-a638-05d9fb5024b7', 1, 1, 0, '380975700000', '380999888776'),
(1498507, '31575678-f0cf-4150-a6e6-f6eca1199a12', '51f4316e-bd7d-4c53-aaa3-9fb71b0d03dd', 'f47c7d75-2664-4af8-a224-3a5a72e9d2bf', 1, 1, 0, '380975700000', '380999888776'),
(1498508, '53139ba5-9b8f-437d-995c-6f3304216af9', '51f4316e-bd7d-4c53-aaa3-9fb71b0d03dd', 'f47c7d75-2664-4af8-a224-3a5a72e9d2bf', 1, 1, 0, '380975700000', '380999888776'),
(1498513, '37710c8e-815c-40c3-bf73-778af7d870d3', '7517950b-1dd4-4a87-870a-65dcece979f7', 'bd15b981-4843-4a60-a7be-ee7372632e72', 1, 1, 0, '380975700000', '380999888776'),
(1498527, '951e16b7-3c99-4cc9-b4ed-a8973493f89d', 'b122b7f9-8a2c-44f0-b6d2-b75f2c826386', '7793c760-25a5-452b-9ec5-ea64c25ba173', 1, 1, 0, '380975700000', '380999888776'),
(1498517, 'bb29f8ac-8194-4561-9b5d-3386d72ad9d7', '127b6cd2-29da-472e-b59c-cc763a77c5d2', '2563f27f-c97a-4a1d-84ec-0dc6989bcb78', 1, 1, 0, '380975700000', '380999888776'),
(1498519, '8a4a7982-d5d6-48b9-84b7-795d53398934', '127b6cd2-29da-472e-b59c-cc763a77c5d2', '2563f27f-c97a-4a1d-84ec-0dc6989bcb78', 1, 1, 0, '380975700000', '380999888776'),
(1498528, '4150a9b8-3ead-4768-b305-4e04fee3e1e8', 'b122b7f9-8a2c-44f0-b6d2-b75f2c826386', '7793c760-25a5-452b-9ec5-ea64c25ba173', 1, 1, 0, '380975700000', '380999888776'),
(1498530, 'b0bbf7b0-03b4-4529-90f3-761d6ddae51a', '92904762-a050-47ff-a54b-b64011ecdbd6', '68b510c2-d044-444c-ab88-e3824929fc15', 1, 1, 0, '380975700000', '380999888776'),
(1498531, '3ce2d348-0801-4950-904b-91601c80b414', '92904762-a050-47ff-a54b-b64011ecdbd6', '68b510c2-d044-444c-ab88-e3824929fc15', 1, 1, 0, '380975700000', '380999888776'),
(1498532, 'ddaca2ae-3a34-4f6e-97e3-ab15cecb4cd4', 'd0cf9de4-0d39-4428-9786-7d0d59dd1fb4', 'aa6f7ac6-66eb-41d5-be07-bca90712fa78', 1, 1, 0, '380975700000', '380999888776'),
(1498533, '8a89dd40-f005-4a76-8055-f4aa53d41f49', 'd0cf9de4-0d39-4428-9786-7d0d59dd1fb4', 'aa6f7ac6-66eb-41d5-be07-bca90712fa78', 1, 1, 0, '380975700000', '380999888776'),
(1498551, 'e61c1c7f-1f20-4aee-abfc-75683b9e20a1', '576dfc76-7a24-497b-ba16-b1aebff37486', '5d5a4ab8-9704-48d9-9653-d3bf253f12eb', 1, 1, 0, '380975700000', '380999888776'),
(1498554, '0f15b562-42ad-4b56-addf-aaa9e6add957', '576dfc76-7a24-497b-ba16-b1aebff37486', '5d5a4ab8-9704-48d9-9653-d3bf253f12eb', 1, 1, 0, '380975700000', '380999888776'),
(1498626, '68175be4-f409-47b6-ba4d-0962596ee0bf', 'd0cf9de4-0d39-4428-9786-7d0d59dd1fb4', 'aa6f7ac6-66eb-41d5-be07-bca90712fa78', 1, 1, 0, '380975700000', '380999888776'),
(1498771, 'c9a7e0f0-e7de-430f-bb17-a6b18df43792', 'ff366f8e-ac1b-481d-91d5-c592685a5cc4', '2af1930f-1761-4b70-8daf-9cdf90ea34e6', 1, 1, 0, '380975700000', '380999888776'),
(1498772, '45a4125b-da98-4fcb-aee4-dae62e1fe494', 'ff366f8e-ac1b-481d-91d5-c592685a5cc4', '2af1930f-1761-4b70-8daf-9cdf90ea34e6', 1, 1, 0, '380975700000', '380999888776'),
(1500236, '30da007d-d518-4094-875b-d2fc35796d3f', '26cf024f-4929-41e1-94e3-56d1918f2b83', 'e5f3f384-c63a-495d-8d06-36417aa8c5fd', 1, 1, 0, '380975700000', '380999888776'),
(1520199, '2d4bb65e-c818-4444-85c1-36752550b3cc', 'ca4859fc-ddfe-438e-93c3-afc0e7eef8f7', '19787d57-284f-4bbc-8a78-02c7e2319fcc', 1, 1, 0, '380975700000', '380999888776'),
(1516677, '73d66017-9eaa-4c37-a7ee-f21d81c3900c', '4915c795-34af-4e02-8977-2d1c30fc53af', '82f67987-5ba5-4fc6-a7b3-ef4723dacc70', 1, 1, 0, '380975700000', '380999888776'),
(1520200, 'e7283ca2-8976-4afb-aed2-3a2227bd5c26', 'ca4859fc-ddfe-438e-93c3-afc0e7eef8f7', '19787d57-284f-4bbc-8a78-02c7e2319fcc', 1, 1, 0, '380975700000', '380999888776'),
(1520198, 'dd70881b-176f-44e6-abb3-4267ab804759', 'ca4859fc-ddfe-438e-93c3-afc0e7eef8f7', '19787d57-284f-4bbc-8a78-02c7e2319fcc', 1, 1, 0, '380975700000', '380999888776'),
(1520204, 'ee8961b7-bce0-48d2-939d-05e0e15164a6', 'ca4859fc-ddfe-438e-93c3-afc0e7eef8f7', '19787d57-284f-4bbc-8a78-02c7e2319fcc', 1, 1, 0, '380975700000', '380999888776'),
(1659146, '76e0b313-1db0-47c1-b3ca-0c5fa7e7de23', 'cb259b4a-2cf4-4ace-ac72-7a78fce7943d', 'cd089469-0f47-4b6e-bfca-515d3248dff5', 1, 1, 0, '380975700000', '380999888776'),
(1562971, '148e6b4c-d822-446c-914a-2b307d0012fc', 'fdc818ab-025f-497c-8398-0aa3df62c7fa', '5cf0b029-c166-4336-a209-3664173201c4', 1, 1, 0, '380999888776', '380999888776'),
(1563249, 'bae23018-d78a-468f-9efc-5761e7f1ce05', 'ce433d51-674c-4fab-afc7-5a6b3bb53cdc', '57287f73-3268-4472-8834-ae7d636e3883', 1, 1, 0, '380999888776', '380999888776'),
(1563279, '37a2dad1-5aac-432c-8d08-520458382b27', 'e45f7fe6-e727-4e68-88d0-de52ffdf4ba6', '60446d48-abe4-40d0-8913-31242d28fda2', 1, 1, 0, '380999888776', '380999888776'),
(1574487, '4285a44f-59ca-4a45-946b-0f89d601af57', 'f3ede103-a4cd-4e46-86db-b9f8986dd91b', '4005ad05-6824-428e-bd50-3197a85be09b', 1, 1, 0, '380999888776', '380999888776'),
(1576318, '687aba9a-e90a-441a-8024-1e36c141af70', '11ef3ef9-2266-412e-a434-7abfef79dd26', '21e42830-f949-4fbf-b374-a369166b1851', 1, 1, 0, '380999888776', '380999888776'),
(1592292, '590ea9f7-b854-4be2-9431-cc327d2c21b0', 'd99e7b56-0c2b-4000-8a5c-e132c5749cdd', '415c667f-f80d-48a9-ae63-9ce5bae02e9a', 1, 1, 0, '380999888776', '380999888776'),
(1590714, '3b7f04b1-9c79-4561-8073-c30fa4392ccc', 'e46e5662-6d27-4f5d-b9e5-05a1d3c105b4', '973464d3-b895-4740-9d1a-915e008a8301', 1, 1, 0, '380999888776', '380999888776'),
(1590750, '11ac3727-1ec8-40d0-9bdc-8e0c48b5c98f', '870410c4-7a38-4f75-8e19-2e184541add2', '2c4b0afc-15e2-49fd-9760-27f43042f1aa', 1, 1, 0, '380999888776', '380999888776'),
(1590797, '0c477425-1a2a-4d7e-a113-aafd5ba639d6', '0b84338a-e63f-41ee-92ef-b76c23bdbcce', 'adc58ad4-7b02-4f81-8972-de942393b6f2', 1, 1, 0, '380999888776', '380999888776'),
(1590795, 'b9c9e814-cf1c-4ea0-b658-b8576f2e8ec2', 'eb91ee3b-6c8a-4da3-868b-2ba94afb7a57', '7a5870e3-54b6-4cc4-98f3-b6e97847e534', 1, 1, 0, '380999888776', '380999888776'),
(1590794, '259eeece-e368-44f8-b71e-313611d1545e', 'eb91ee3b-6c8a-4da3-868b-2ba94afb7a57', '7a5870e3-54b6-4cc4-98f3-b6e97847e534', 1, 1, 0, '380999888776', '380999888776'),
(1587663, '0c08431d-de96-41c1-ab49-1b9371a7f27f', 'cac76637-61e4-49b1-ab3f-c2c1dadcea49', '94961fa1-6ce6-4c2d-8e7e-87eb896fac68', 1, 1, 0, '380999888776', '380999888776'),
(1590699, 'bcf8175a-c2e1-4e4d-b574-a76e0ae27031', 'f251edd3-4f9a-4f33-bdec-e405982cb3a6', 'd5d2f0d8-7d6b-4bdf-baa5-79d4b015caa3', 1, 1, 0, '380999888776', '380999888776'),
(1590820, '56e30990-4aa8-49db-ab75-e480b1d86b59', '367a20c8-a01e-435c-9808-c1905362a191', 'c473c259-2fb4-4347-9675-ea2a7a6795d1', 1, 1, 0, '380999888776', '380999888776'),
(1590821, '2f099dc5-028a-4bc5-b538-edd8cd7b1068', '0b84338a-e63f-41ee-92ef-b76c23bdbcce', 'adc58ad4-7b02-4f81-8972-de942393b6f2', 1, 1, 0, '380999888776', '380999888776'),
(1590707, '1d118cae-0448-439e-a5f7-36602e4acad1', '71ea8b86-2c25-483a-8f87-d5c954b120cb', '1c3973dc-11db-4c47-ac95-c51c5f2c5c12', 1, 1, 0, '380999888776', '380999888776'),
(1590728, '76a3a759-6247-4c4f-adfc-a788a63d469d', 'cbd54bc1-529e-4eac-aafd-8e27f4ef1b18', 'e6c7f09c-9378-4d05-bd99-f9c658e11483', 1, 1, 0, '380999888776', '380999888776'),
(1590742, '52e30ab5-56f8-42d1-b6ed-c42feedc314c', '68626c01-1c50-4670-8c09-e06dbea2294c', '1401094b-c7f6-4451-84bf-11a54c8cfb41', 1, 1, 0, '380999888776', '380999888776'),
(1590698, '287dc7ad-6b7b-4377-9345-b58b093e91d8', '367a20c8-a01e-435c-9808-c1905362a191', 'c473c259-2fb4-4347-9675-ea2a7a6795d1', 1, 1, 0, '380999888776', '380999888776'),
(1590738, '96ac5bab-c612-4e8b-823a-3571bf0311aa', '68626c01-1c50-4670-8c09-e06dbea2294c', '1401094b-c7f6-4451-84bf-11a54c8cfb41', 1, 1, 0, '380999888776', '380999888776'),
(1590700, '37f47a5b-e6c0-4b2e-ab7d-10435f2a5066', 'ecd5bbd4-acce-40ae-87c7-9a00e5f71ec6', '3d5cc09f-e8f7-4a5c-8e05-fe3782e3f916', 1, 1, 0, '380999888776', '380999888776'),
(1590638, 'bcf44abf-b624-4f90-9c96-ea1a7789a43d', 'ccc5bb32-079c-4b2b-a515-a463c4d68d81', 'bd9ca6a3-a9a8-4f7d-8ad8-b2d59cf2203b', 1, 1, 0, '380999888776', '380999888776'),
(1590734, 'c202eb5d-127e-4b62-8878-a1bec02863f9', 'f076449e-3327-4130-bd62-5783de857093', '8273c1fa-2220-4b16-8a5f-194af6498f6f', 1, 1, 0, '380999888776', '380999888776'),
(1590692, '3ab4445a-995e-4a5b-af22-e87a2e4d15cc', '50404741-749b-4884-b1d2-688bcb45567a', '21c76794-b4bf-40a8-88e7-3e9bcc733399', 1, 1, 0, '380999888776', '380999888776'),
(1590755, 'e8684418-0f17-4796-b415-dfff3047a857', '54f9b368-eace-4be4-8016-838c0ccc1e95', '7ba8aa34-6bd2-4c82-aa29-de224a07468e', 1, 1, 0, '380999888776', '380999888776'),
(1590783, '4b2d6543-03ab-4b24-a6c8-e84d3aa42a4d', '8aa17824-d5bd-45e0-8779-d67e3fe069bc', '7e2ef52b-5316-4d10-aa0f-bce7b20d4325', 1, 1, 0, '380999888776', '380999888776'),
(1592295, '8faf2f7d-7e01-4c99-a4a5-293a07ea8d4b', 'd99e7b56-0c2b-4000-8a5c-e132c5749cdd', '415c667f-f80d-48a9-ae63-9ce5bae02e9a', 1, 1, 0, '380999888776', '380999888776'),
(1637171, '50cb3d74-646a-4fab-aa67-4566722c3c49', '3f1f4e68-8886-417b-b3c9-7c455460b3cf', 'c0747d3a-a884-4a11-b36c-21f651618cba', 1, 1, 0, '380999888776', '380999888776'),
(1608613, 'a795e457-7a13-4e6f-ae35-8653d8d662d4', '854995bc-2f50-4e12-a624-e96e61eb56bf', '059e2996-536c-401a-a6a9-486e6a2f211e', 1, 1, 0, '380999888776', '380999888776'),
(1608493, '3aa8ffe5-bced-4c5e-b667-39b286587525', 'cdc13a14-c206-4be9-bfc9-b86560b89761', 'f2efb2e6-95a3-47e6-917b-c9e1b6dba08c', 1, 1, 0, '380508670000', '380999888776'),
(1646728, '80b6f074-6607-454d-b5b4-d0bf540d3d1f', '8512d40d-158b-4823-ba95-9289b49a441c', '9a40733f-b13b-47f3-8714-f79bc4b36c96', 1, 1, 0, '380975700000', '380999888776'),
(1613859, '1d0e10aa-81ea-40ba-959f-1e4ca30ac849', '0ff91ca3-0ffb-4862-acb8-432c414ec9a8', '88e9a7a1-a31c-457d-b921-9074cca5ebd8', 1, 1, 0, '380999888776', '380999888776'),
(1663711, '142b7560-5224-413c-8403-4fc302d3489a', '6883377b-b1ef-477b-89c9-9da56da5ec63', '6a6dc6a6-5c0a-4e8b-ba60-d2479cb786f1', 1, 1, 0, '380975700000', '380999888776'),
(1621163, 'adce3e9a-fc8d-4625-80e5-4dc1f20e49d7', 'b1f3fbf9-5d50-4459-9137-2b68507de8b5', '5b2231f9-0f86-4d1a-b4b2-5f848c31261f', 1, 1, 0, '380999888776', '380999888776'),
(1622409, 'c86ccc13-0806-4396-b7b3-4c18b17b082e', 'ed0d7bfc-565b-428d-a822-5c74b2f490dd', 'f4e202eb-cb2e-4ed2-a57f-65d595086671', 1, 1, 0, '380999888776', '380999888776'),
(1700033, '62a76be9-699e-459e-989f-2de44748d32c', 'e57172b9-07e4-4643-a46f-ddd13e54ae1f', '02ecdab1-e4bd-4afa-8acd-85cc2dd00520', 1, 1, 0, '380975700000', '380999888776'),
(1629609, '24e5d40e-cdf5-49d0-b721-9b46a8058040', '5b9cbec1-f962-4660-9ede-2dced416f3d6', 'd12e73c9-d006-4ad3-9ddd-1fe7c6353f18', 1, 1, 0, '380999888776', '380999888776'),
(1629469, 'f1147ec9-710d-42c9-9799-9cb456339e57', '8b8dc037-1470-4dd5-9ebc-138d31b45ce9', 'f37fc8f1-f6ab-4f19-a1c4-f157f76ebb93', 1, 1, 0, '380977790000', '380999888776'),
(1629587, '6e176aa9-bc46-426c-b23d-2fee6dad2593', '0ab92af9-f0ea-415a-91cd-d1a8596973c0', 'fb03b32c-957d-4bd8-b5b0-0a782291b1a2', 1, 1, 0, '380977790000', '380999888776'),
(1755094, '41e157c2-c3ec-4441-b2a5-3cadf723612f', 'e496aff4-78e2-41fc-b0aa-dc0328944977', 'f0aec09f-ca35-4b94-8288-7d2f41922e3f', 1, 1, 0, '380977790000', '380999888776'),
(1629954, '49c4cc5b-6eee-4d1a-a635-2de5ac52baa1', '58a3ebf7-b93f-4ee7-9c47-ae5d04bad41f', '3e2b8516-38b6-4162-9686-98eaa8dc45cd', 1, 1, 0, '380977790000', '380999888776'),
(1644918, 'd4e996f5-82cd-41d2-abfd-ef9bcef6ad89', '28218d70-8b77-4ae6-9b0c-528b632685a6', 'b8e83a2a-5605-423a-95d5-48dc28c4bb28', 1, 1, 0, '380977790000', '380999888776'),
(1629958, '87296847-246d-471d-943a-603c4ea219e0', '469ef885-83bd-4a06-bfdf-72b7943af39f', '66fc523a-e73a-4ef4-ba2d-f74bc4b35a32', 1, 1, 0, '380977790000', '380999888776'),
(1629955, '77b9579e-edac-4eec-8b93-e5a395711ca2', '58a3ebf7-b93f-4ee7-9c47-ae5d04bad41f', '3e2b8516-38b6-4162-9686-98eaa8dc45cd', 1, 1, 0, '380977790000', '380999888776'),
(1629956, '7b49277a-f6d3-4400-80fa-cd6480c4b9d0', '58a3ebf7-b93f-4ee7-9c47-ae5d04bad41f', '3e2b8516-38b6-4162-9686-98eaa8dc45cd', 1, 1, 0, '380977790000', '380999888776'),
(1629970, '6d5b6cea-e2b9-4b9d-a31b-4d11618aa160', '58a3ebf7-b93f-4ee7-9c47-ae5d04bad41f', '3e2b8516-38b6-4162-9686-98eaa8dc45cd', 1, 1, 0, '380977790000', '380999888776'),
(1629971, 'dc7d7ce2-f3fc-47cd-9ba3-ef78ed4afcd0', '58a3ebf7-b93f-4ee7-9c47-ae5d04bad41f', '3e2b8516-38b6-4162-9686-98eaa8dc45cd', 1, 1, 0, '380977790000', '380999888776'),
(1629973, '8e83b1e8-45bf-43a8-9859-8aadd69c66e4', '58a3ebf7-b93f-4ee7-9c47-ae5d04bad41f', '3e2b8516-38b6-4162-9686-98eaa8dc45cd', 1, 1, 0, '380977790000', '380999888776'),
(1631392, 'f0d30aeb-1254-4c47-a269-9f8c17fa6f9d', 'fc567902-0f2f-418d-965d-e14cbae476e9', '199216d4-4d59-4a84-8473-602364976ac5', 1, 1, 0, '380977790000', '380999888776'),
(1630660, 'bdb7bd8d-4a47-4f72-a6c7-d13eabab3e7e', '9ca9e16a-9714-49a3-8da4-db0334d1f878', 'e5f84fb0-9f51-40d4-8732-ea658164c721', 1, 1, 0, '380977790000', '380999888776'),
(1630651, '22030672-a16e-4d38-811d-ef9101a30dd7', 'c929cffd-dacd-4b6b-831f-ae9f509ef3a5', 'e5439a24-02bd-4410-b504-c7d563624bdc', 1, 1, 0, '380977790000', '380999888776'),
(1630652, '995afe34-36f3-4bb4-b2cf-a2d6456025ad', 'c929cffd-dacd-4b6b-831f-ae9f509ef3a5', 'e5439a24-02bd-4410-b504-c7d563624bdc', 1, 1, 0, '380977790000', '380999888776'),
(1630653, 'eaaff142-0851-4686-8336-b4cf700b9c2b', 'c929cffd-dacd-4b6b-831f-ae9f509ef3a5', 'e5439a24-02bd-4410-b504-c7d563624bdc', 1, 1, 0, '380977790000', '380999888776'),
(1633530, 'fd066147-3550-4be1-9c44-b814053fa68e', '3e42571e-0242-4f40-996d-c9b93c28f2df', '84d4821e-2b6d-4adb-bc76-8bfa15affe8c', 1, 1, 0, '380977790000', '380999888776'),
(1639160, 'b45c7bca-67c9-44df-90e5-860d45de5017', '36951469-e0e2-4a13-aa28-6bcdd33c34cf', '6bee7c36-63c3-4caf-b354-bd8a29d1da51', 1, 1, 0, '380977790000', '380999888776'),
(1630824, '157cdb96-7648-4873-b706-a004662dadda', 'c929cffd-dacd-4b6b-831f-ae9f509ef3a5', 'e5439a24-02bd-4410-b504-c7d563624bdc', 1, 1, 0, '380977790000', '380999888776'),
(1630825, 'e2d3ef3e-94b3-4d1f-b212-28aaf3540ebd', 'c929cffd-dacd-4b6b-831f-ae9f509ef3a5', 'e5439a24-02bd-4410-b504-c7d563624bdc', 1, 1, 0, '380977790000', '380999888776'),
(1639158, '2e109cde-5d76-4384-b072-a3d7a022a921', '9a60abdf-6fa8-481b-8929-b86c5a1f34d4', '9b4ff4f8-3f2d-41a6-a8b1-690c1d8c78ac', 1, 1, 0, '380977790000', '380999888776'),
(1639157, '0a302cdf-f4cf-4c90-ac0d-3a28166a2502', '13540ed4-c130-435d-a796-f67436e0259b', 'a45a4788-d1e6-4f9c-ac9e-82f38a3ee9ac', 1, 1, 0, '380977790000', '380999888776'),
(1639156, '697c63a3-2902-4d0d-ab13-7935b8a13eaa', '85a23d0e-ec2c-4dad-b751-693f78dc20db', '99a5e2ba-0d1f-4d63-8252-2aa7430c2ff6', 1, 1, 0, '380977790000', '380999888776'),
(1639155, '82a46eaa-2615-4f1d-b23e-46222375ce45', '24bdd146-3c95-47fb-a5fb-c618b1b36e71', 'ea9e45ce-d77b-4108-aac5-e2fe82c96fe0', 1, 1, 0, '380977790000', '380999888776'),
(1632016, '0aaf7ab8-61d6-4710-877f-353d3d0274c3', 'a93b5108-0676-436a-abf5-842aaea97bd6', '06eb9842-f18e-4495-9b9e-85a80e5f0a23', 1, 1, 0, '380977790000', '380999888776'),
(1631039, '13319f7c-d62a-4acc-b76d-772112375e60', 'd2037c25-3725-402a-9d1f-5017f6a8d37d', '44c60afd-9c48-42a7-80e8-2bf689643715', 1, 1, 0, '380977790000', '380999888776'),
(1631040, 'cd1ac24e-e265-4bcc-b428-0ea7c216d6af', 'd2037c25-3725-402a-9d1f-5017f6a8d37d', '44c60afd-9c48-42a7-80e8-2bf689643715', 1, 1, 0, '380977790000', '380999888776'),
(1752567, 'd6bcc636-1bb7-49a5-b867-c2d5f048f8ed', 'ba1602dc-8b89-48e6-97ce-cf4fb271a6cf', 'd747a684-1b49-4902-9c93-465e3c492f20', 1, 1, 0, '380977790000', '380999888776'),
(1631401, '0f3fc756-905e-45dd-97f1-e7d6acc9fd2c', 'a900d967-06fe-4904-9c55-ae81f1878261', '836d11a2-e714-4180-9931-7912e291162c', 1, 1, 0, '380977790000', '380999888776'),
(1631399, 'bb17490a-0391-455b-a963-f8e6276eea6f', '183daaf4-4e4a-4c51-a40a-6db69ad5ae14', '86fba8a1-467c-41a5-9dd2-fe6b7cfc9455', 1, 1, 0, '380977790000', '380999888776'),
(1632469, '15aeda22-f06b-4de1-b109-a9f26965cc3e', 'c1524b59-9789-43a3-9944-9d9c3bd0ccda', '25187d15-1ab4-4ff0-bc4b-4c19b8170105', 1, 1, 0, '380977790000', '380999888776'),
(1631442, '75881161-c751-4a92-b085-a37019f4fcbe', 'a2f0b31f-7e2e-4f8f-8243-df1b8bcb5b85', '58823890-695b-4065-aace-ca82579314e8', 1, 1, 0, '380977790000', '380999888776'),
(1631480, 'ec01e7cf-9c9a-4646-8ffc-bc92578512bb', 'bf9506d9-2b7b-4aa8-99a3-447934f7b8f1', 'c940aa3e-b160-475e-b420-4170c3c4a394', 1, 1, 0, '380977790000', '380999888776'),
(1631481, 'a8c81f8d-9f25-416f-8d69-a325bb183be6', '053c1aa2-8190-4ecb-9e46-24d1a268d1ed', '8596577d-81a7-4075-95b0-4b64abccf6f9', 1, 1, 0, '380977790000', '380999888776'),
(1631483, 'faef6bb2-7dac-49ad-b488-be8e9ba03ced', '8c0aff7d-37af-4c76-a174-48026fcbe310', '898e2c7b-5d50-4948-90d8-5455499febc3', 1, 1, 0, '380977790000', '380999888776'),
(1631484, 'da92d016-2541-4f6b-aa47-eaef3cf95f1a', 'ee9324dc-2ec9-42e6-a4a2-49dbe1cc60ba', 'b7145e10-8f77-4450-af74-9c25d249e360', 1, 1, 0, '380977790000', '380999888776');

-- --------------------------------------------------------

--
-- Структура таблицы `companies`
--

CREATE TABLE `companies` (
  `id` int(11) NOT NULL,
  `name` varchar(14) NOT NULL DEFAULT '',
  `scope_id` text NOT NULL DEFAULT '',
  `account_id` varchar(60) NOT NULL DEFAULT '',
  `number_count` int(11) NOT NULL DEFAULT 0
) ENGINE=MyISAM DEFAULT CHARSET=utf8;

--
-- Дамп данных таблицы `companies`
--

INSERT INTO `companies` (`id`, `name`, `scope_id`, `account_id`, `number_count`) VALUES
(1120, '380977790000', '5445875c-620a-4345-ae4e-293c8b8ab135_c3c54564-d3f9-42bd-b889-fe6b644efb43', 'c3c54564-d3f9-42bd-b889-fe6b644efb43', 0),
(928, '380508670000', '5445875c-620a-4345-ae4e-293c8b8ab135_f2e11c05-9c18-429d-ba3f-e81e74c2bbb6', 'f2e11c05-9c18-429d-ba3f-e81e74c2bbb6', 0),
(1290, '380975700000', '623ed442-73cc-4ecb-9b07-c89cc0ead2c0_1a4ac4d5-c7ab-4ede-ae52-b3556921e121', '1a4ac4d5-c7ab-4ede-ae52-b3556921e121', 2),
(958, '380999888776', '5445875c-620a-4345-ae4e-293c8b8ab135_1b396ad0-e8fb-459d-ba71-f59dfd531172', '1b396ad0-e8fb-459d-ba71-f59dfd531172', 0),
(1470, '111111', 'A', 'B', 2),
(1471, '222222', 'A', 'B', 2);

-- --------------------------------------------------------

--
-- Структура таблицы `credits`
--

CREATE TABLE `credits` (
  `id` int(11) NOT NULL,
  `login` varchar(30) NOT NULL DEFAULT '',
  `amount` varchar(8) NOT NULL DEFAULT '',
  `credit` float NOT NULL DEFAULT 0,
  `product_name` text NOT NULL DEFAULT '',
  `date` datetime NOT NULL DEFAULT current_timestamp(),
  `currency` varchar(6) NOT NULL DEFAULT '',
  `partner` varchar(13) NOT NULL DEFAULT '',
  `paid` int(11) NOT NULL DEFAULT 0
) ENGINE=MyISAM DEFAULT CHARSET=utf8;

-- --------------------------------------------------------

--
-- Структура таблицы `invitations`
--

CREATE TABLE `invitations` (
  `id` int(11) NOT NULL,
  `email` varchar(70) NOT NULL DEFAULT '',
  `date_invitation` datetime NOT NULL DEFAULT current_timestamp(),
  `partner` int(11) NOT NULL DEFAULT 0
) ENGINE=MyISAM DEFAULT CHARSET=utf8;

--
-- Дамп данных таблицы `invitations`
--

INSERT INTO `invitations` (`id`, `email`, `date_invitation`, `partner`) VALUES
(19, '123@gmail.com', '2021-11-08 13:17:54', 155);

-- --------------------------------------------------------

--
-- Структура таблицы `last_unsend_id`
--

CREATE TABLE `last_unsend_id` (
  `company` varchar(15) NOT NULL,
  `last_id` int(11) NOT NULL DEFAULT 0,
  `timestamp` datetime NOT NULL DEFAULT current_timestamp()
) ENGINE=MyISAM DEFAULT CHARSET=utf8;

--
-- Дамп данных таблицы `last_unsend_id`
--

INSERT INTO `last_unsend_id` (`company`, `last_id`, `timestamp`) VALUES
('380508670000', 3841734, '2022-07-01 03:30:01'),
('380999888776', 3263125, '2022-01-26 08:20:03'),
('380977790000', 4329514, '2022-11-06 09:55:02');

-- --------------------------------------------------------

--
-- Структура таблицы `messages`
--

CREATE TABLE `messages` (
  `id` int(11) NOT NULL,
  `viber_id` int(17) NOT NULL DEFAULT 0,
  `name` text CHARACTER SET utf8mb4 COLLATE utf8mb4_bin NOT NULL DEFAULT '\'\'',
  `number` varchar(14) NOT NULL DEFAULT '',
  `direction` varchar(12) NOT NULL DEFAULT '',
  `timestamp` bigint(15) NOT NULL DEFAULT current_timestamp(),
  `company` varchar(22) NOT NULL DEFAULT '',
  `text` text CHARACTER SET utf8mb4 COLLATE utf8mb4_bin NOT NULL DEFAULT '\'\'',
  `type` varchar(10) NOT NULL DEFAULT '',
  `path` varchar(150) CHARACTER SET cp1251 COLLATE cp1251_bin NOT NULL DEFAULT '',
  `server_status` varchar(7) NOT NULL DEFAULT '0',
  `chat_id` varchar(17) NOT NULL DEFAULT '0',
  `datetime` datetime NOT NULL DEFAULT current_timestamp(),
  `server_responce` text NOT NULL DEFAULT '\'\''
) ENGINE=MyISAM DEFAULT CHARSET=utf8;

--
-- Дамп данных таблицы `messages`
--

INSERT INTO `messages` (`id`, `viber_id`, `name`, `number`, `direction`, `timestamp`, `company`, `text`, `type`, `path`, `server_status`, `chat_id`, `datetime`, `server_responce`) VALUES
(13351950, 1, '', '', '0', 1663860470, '380999888776', 'Example Text', '1', '', '1', '1663860470', '2022-09-22 15:27:50', '{\"new_message\":{\"msgid\":\"779545d4-c2bc-49b1-a664-25581d8f584a\",\"ref_id\":\"632c7ef6479b8\"}}'),
(13352252, 1, '', '', '0', 1663862294, '380999888776', 'Example Text', '1', '', '1', '1663862294', '2022-09-22 15:58:14', '{\"new_message\":{\"msgid\":\"21a02271-de06-4ad9-b2a9-1be580d4df58\",\"ref_id\":\"632c86168fc17\"}}'),
(13398953, 10534, '', '', '1', 1664272221643, '380999888776', 'Example Text', '1', '', '0', '53', '2022-09-27 09:50:54', '\'\''),
(13476752, 10703, '', '', '1', 1664800903980, '380999888776', 'Example Text', '1', '', '0', '53', '2022-10-03 12:43:17', '\'\''),
(13479855, 10711, '', '', '1', 1664809183618, '380999888776', 'Example Text', '1', '', '0', '53', '2022-10-03 15:01:07', '\'\''),
(13481386, 10712, '', '', '1', 1664822381768, '380999888776', 'Example Text', '1', '', '0', '53', '2022-10-03 18:41:37', '\'\''),
(13481387, 10713, '', '', '1', 1664822411726, '380999888776', 'Example Text', '1', '', '0', '53', '2022-10-03 18:41:38', '\'\''),
(13510599, 10761, '', '', '1', 1664984175728, '380999888776', 'Example Text', '1', 'error_file.jpg', '0', '315', '2022-10-05 15:36:56', '\'\''),
(14083891, 0, '\'\'', '', '', 20221203195357, '111', '\'\'', '', 'error_file.jpg', '0', '0', '2022-12-03 19:53:57', '\'\''),
(14083892, 0, '\'\'', '', '', 20221203195435, '380999888776', '\'\'', '', 'error_file.jpg', '0', '0', '2022-12-03 19:54:35', '\'\''),
(14083893, 0, '\'\'', '', '', 20221203195542, '111', '\'\'', '', 'error_file.jpg', '0', '0', '2022-12-03 19:55:42', '\'\''),
(13166145, 1, '', '', '0', 1663071888, '380999888776', 'Example Text', '1', '', '1', '1663071888', '2022-09-13 12:24:48', '{\"new_message\":{\"msgid\":\"3ec8dc6f-92ca-47ad-995f-df73d8f37f55\",\"ref_id\":\"63207690ae4b4\"}}'),
(13202764, 67852, '', '', '0', 1663264480593, '380975700000', 'Example Text', '1', '', '1', '2356', '2022-09-15 17:54:45', '{\"new_message\":{\"msgid\":\"e1060358-49e2-48a3-ba1c-04c09c2ace94\",\"ref_id\":\"632366e646b40\"}}'),
(13203113, 67858, '', '', '0', 1663269568725, '380975700000', 'Example Text', '1', '', '1', '2325', '2022-09-15 19:19:32', '{\"new_message\":{\"msgid\":\"49c0416f-51d1-44c3-b24a-9d7921f72fb6\",\"ref_id\":\"63237ac53496a\"}}'),
(13203793, 67878, '', '', '0', 1663306820212, '380975700000', 'Example Text', '1', '', '1', '2358', '2022-09-16 05:40:21', '{\"new_message\":{\"msgid\":\"5e6ad277-7663-4b17-acaf-07ce10afc2c8\",\"ref_id\":\"63240c45ee490\"}}'),
(13205506, 67883, '', '', '0', 1663311567713, '380975700000', 'Example Text', '1', '', '1', '2358', '2022-09-16 06:59:36', '{\"new_message\":{\"msgid\":\"6933d451-7cc2-4963-8694-612107eb8664\",\"ref_id\":\"63241ed9a832d\"}}'),
(13206829, 67887, '', '', '0', 1663315066982, '380975700000', 'Example Text', '1', '', '1', '61', '2022-09-16 07:57:48', '{\"new_message\":{\"msgid\":\"9f0d57f2-09cc-46dc-b115-39f5d35f533a\",\"ref_id\":\"63242c7d915de\"}}'),
(13209393, 1, '', '', '0', 1663320905, '380999888776', 'Example Text', '1', '', '1', '1663320905', '2022-09-16 09:35:05', '{\"new_message\":{\"msgid\":\"90daaea9-9e3d-49ef-9538-bd48992b59f4\",\"ref_id\":\"6324434a67337\"}}'),
(13211524, 67903, '', '', '0', 1663325880384, '380975700000', 'Example Text', '1', '', '1', '2359', '2022-09-16 10:58:08', '{\"new_message\":{\"msgid\":\"9fe781cd-4fdf-471f-aed8-d084b1ba95d8\",\"ref_id\":\"632456c15cad6\"}}'),
(13216261, 4390, '', '', '0', 1663337319412, '380508670000', 'Example Text', '1', '', '1', '146', '2022-09-16 14:08:46', '{\"new_message\":{\"msgid\":\"92351526-3d91-4265-a3e0-7a6ab6c15813\",\"ref_id\":\"6324836f381a1\"}}'),
(13216339, 4391, '', '', '1', 1663337448711, '380508670000', 'Example Text', '1', '', '0', '146', '2022-09-16 14:11:18', '\'\''),
(13216342, 4392, '', '', '0', 1663337457981, '380508670000', 'Example Text', '1', '', '1', '146', '2022-09-16 14:11:19', '{\"new_message\":{\"msgid\":\"a0a14321-256c-4a25-875f-eea3a00412dc\",\"ref_id\":\"63248408351a5\"}}'),
(13216344, 4393, '', '', '1', 1663337463291, '380508670000', 'Example Text', '1', '', '0', '146', '2022-09-16 14:11:21', '\'\''),
(13216347, 4394, '', '', '0', 1663337464892, '380508670000', 'Example Text', '1', '', '1', '146', '2022-09-16 14:11:22', '{\"new_message\":{\"msgid\":\"a3b629fd-4ff4-436f-bca6-f99a5f17b011\",\"ref_id\":\"6324840b0076a\"}}'),
(13216356, 4395, '', '', '0', 1663337485053, '380508670000', 'Example Text', '2', '380508672901439519629.jpg', '1', '146', '2022-09-16 14:11:33', '{\"new_message\":{\"msgid\":\"09895899-8c5a-43bb-8a6a-be5319daacd4\",\"ref_id\":\"632484170f1b7\"}}'),
(13216363, 4396, '', '', '0', 1663337493160, '380508670000', 'Example Text', '1', '', '1', '146', '2022-09-16 14:11:45', '{\"new_message\":{\"msgid\":\"dae03275-f9ea-4879-9853-55e4e244177d\",\"ref_id\":\"632484225a24c\"}}'),
(13216364, 4397, '', '', '0', 1663337501830, '380508670000', 'Example Text', '1', '', '1', '146', '2022-09-16 14:11:46', '{\"new_message\":{\"msgid\":\"e2f1a34e-686a-48ff-84f4-735441c9aeec\",\"ref_id\":\"63248423939ac\"}}'),
(13216469, 4398, '', '', '1', 1663337820918, '380508670000', 'Example Text', '1', '', '0', '146', '2022-09-16 14:17:15', '\'\''),
(13221169, 67964, '', '', '1', 1663354582993, '380975700000', 'Example Text', '1', '', '0', '2325', '2022-09-16 18:56:37', '\'\''),
(13221182, 67965, '', '', '1', 1663354635998, '380975700000', 'Example Text', '1', '', '0', '2357', '2022-09-16 18:57:29', '\'\''),
(13221187, 67966, '', '', '0', 1663354654110, '380975700000', 'Example Text', '1', '', '1', '2357', '2022-09-16 18:57:40', '{\"new_message\":{\"msgid\":\"973af0f6-1c97-4c5c-b834-3257f1282fee\",\"ref_id\":\"6324c72540c62\"}}'),
(13221195, 67967, '', '', '0', 1663354695809, '380975700000', 'Example Text', '1', '', '1', '2357', '2022-09-16 18:58:20', '{\"new_message\":{\"msgid\":\"7ce12085-3664-4397-adc7-53659ebbba4f\",\"ref_id\":\"6324c74d21fd0\"}}'),
(13221199, 67968, '', '', '0', 1663354710750, '380975700000', 'Example Text', '1', '', '1', '2357', '2022-09-16 18:58:31', '{\"new_message\":{\"msgid\":\"b6bb0f38-07df-4a5a-ab12-c4769ad1e989\",\"ref_id\":\"6324c7582fafb\"}}'),
(13221206, 67969, '', '', '0', 1663354753482, '380975700000', 'Example Text', '1', '', '1', '2357', '2022-09-16 18:59:18', '{\"new_message\":{\"msgid\":\"6f68a09a-b437-472e-a131-9f93b1a01f37\",\"ref_id\":\"6324c787c1778\"}}'),
(13228212, 4399, '', '', '1', 1663398013235, '380508670000', 'Example Text', '9', '', '0', '178', '2022-09-17 07:00:27', '\'\''),
(13228237, 4400, '', '', '0', 1663398105558, '380508670000', 'Example Text', '1', '', '1', '178', '2022-09-17 07:01:50', '{\"new_message\":{\"msgid\":\"4692d09f-ca85-498d-86ec-0e102411a698\",\"ref_id\":\"632570dee8016\"}}'),
(13228243, 4401, '', '', '0', 1663398120948, '380508670000', 'Example Text', '1', '', '1', '178', '2022-09-17 07:02:11', '{\"new_message\":{\"msgid\":\"832191cf-955e-4e63-8e05-db5b480b7646\",\"ref_id\":\"632570f47552a\"}}'),
(13228291, 4402, '', '', '1', 1663398294619, '380508670000', 'Example Text', '1', '', '0', '178', '2022-09-17 07:05:09', '\'\''),
(13229300, 4403, '', '', '1', 1663401616505, '380508670000', 'Example Text', '9', '', '0', '155', '2022-09-17 08:00:59', '\'\''),
(13229301, 4404, '', '', '1', 1663401630893, '380508670000', 'Example Text', '9', '', '0', '78', '2022-09-17 08:01:00', '\'\''),
(13229303, 4405, '', '', '1', 1663401645206, '380508670000', 'Example Text', '9', '', '0', '78', '2022-09-17 08:01:02', '\'\''),
(13229307, 4406, '', '', '0', 1663401666612, '380508670000', 'Example Text', '1', '', '1', '146', '2022-09-17 08:01:14', '{\"new_message\":{\"msgid\":\"9a6ce9aa-7c76-48fb-be37-3d14eb277bed\",\"ref_id\":\"63257ecb03acc\"}}'),
(13229308, 4407, '', '', '0', 1663401671346, '380508670000', 'Example Text', '1', '', '1', '146', '2022-09-17 08:01:15', '{\"new_message\":{\"msgid\":\"3254db6b-2ae9-48f0-b625-1548b9a67255\",\"ref_id\":\"63257ecc46a28\"}}'),
(13229316, 4408, '', '', '0', 1663401676061, '380508670000', 'Example Text', '1', '', '1', '146', '2022-09-17 08:01:26', '{\"new_message\":{\"msgid\":\"c5e6b1ee-994c-4053-9dd7-faaaa07c5f76\",\"ref_id\":\"63257ed787b4b\"}}'),
(13229329, 4409, '', '', '1', 1663401727547, '380508670000', 'Example Text', '1', '', '0', '146', '2022-09-17 08:02:22', '\'\''),
(13229351, 4410, '', '', '1', 1663401783274, '380508670000', 'Example Text', '1', '', '0', '146', '2022-09-17 08:03:18', '\'\''),
(13229376, 4411, '', '', '0', 1663401880281, '380508670000', 'Example Text', '2', '380508672901441112623.png', '1', '146', '2022-09-17 08:04:50', '{\"new_message\":{\"msgid\":\"3f4e3acb-31cd-49e1-a48e-222330f67321\",\"ref_id\":\"63257fa379f06\"}}'),
(13229381, 4412, '', '', '0', 1663401893356, '380508670000', 'Example Text', '11', '380508672901441224084.m4a', '1', '146', '2022-09-17 08:05:02', '{\"new_message\":{\"msgid\":\"d7985aad-5366-4b1f-976f-1fcf10c26c7c\",\"ref_id\":\"63257faef1b46\"}}'),
(13229443, 4413, '', '', '1', 1663402105485, '380508670000', 'Example Text', '1', '', '0', '146', '2022-09-17 08:08:40', '\'\''),
(13229959, 4414, '', '', '0', 1663403570777, '380508670000', 'Example Text', '1', '', '1', '146', '2022-09-17 08:32:58', '{\"new_message\":{\"msgid\":\"fd0a40b9-1bbb-4f6b-8c87-1bd7d4323a1b\",\"ref_id\":\"6325863b5bd9c\"}}'),
(13229977, 4415, '', '', '0', 1663403610590, '380508670000', 'Example Text', '11', '380508672901441519954.m4a', '1', '146', '2022-09-17 08:33:39', '{\"new_message\":{\"msgid\":\"5a2a0941-e208-434c-a3b4-4ac9b5a73906\",\"ref_id\":\"63258664c94ab\"}}'),
(13230030, 4416, '', '', '1', 1663403731923, '380508670000', 'Example Text', '1', '', '0', '146', '2022-09-17 08:35:46', '\'\''),
(13230046, 4417, '', '', '0', 1663403769429, '380508670000', 'Example Text', '1', '', '1', '146', '2022-09-17 08:36:18', '{\"new_message\":{\"msgid\":\"1bc094ee-82c5-486b-ad69-ca127675839c\",\"ref_id\":\"63258703d8f94\"}}'),
(13230049, 4418, '', '', '0', 1663403784251, '380508670000', 'Example Text', '2', '380508672901441818756.jpg', '1', '146', '2022-09-17 08:36:30', '{\"new_message\":{\"msgid\":\"ffe68dda-6d52-46bf-a5b0-b7171645c2b2\",\"ref_id\":\"6325870f4d4c6\"}}'),
(13230063, 4419, '', '', '0', 1663403805307, '380508670000', 'Example Text', '11', '380508672901441911840.m4a', '1', '146', '2022-09-17 08:36:51', '{\"new_message\":{\"msgid\":\"d16776ad-5bb5-4038-b74d-992d41630326\",\"ref_id\":\"63258724be615\"}}'),
(13230079, 4420, '', '', '1', 1663403842816, '380508670000', 'Example Text', '1', '', '0', '146', '2022-09-17 08:37:37', '\'\''),
(13230137, 4421, '', '', '0', 1663404002572, '380508670000', 'Example Text', '1', '', '1', '146', '2022-09-17 08:40:10', '{\"new_message\":{\"msgid\":\"ab3371d2-e394-4099-81dd-48e9b3c51283\",\"ref_id\":\"632587ebd76ae\"}}'),
(13230276, 4422, '', '', '1', 1663404274374, '380508670000', 'Example Text', '1', '', '0', '146', '2022-09-17 08:44:49', '\'\''),
(13230987, 4423, '', '', '0', 1663405985409, '380508670000', 'Example Text', '1', '', '1', '146', '2022-09-17 09:13:09', '{\"new_message\":{\"msgid\":\"07408a9a-a817-455e-84fa-3b2d4f598420\",\"ref_id\":\"63258fa669389\"}}'),
(13231034, 4424, '', '', '1', 1663406102137, '380508670000', 'Example Text', '1', '', '0', '146', '2022-09-17 09:15:16', '\'\''),
(13231051, 4425, '', '', '1', 1663406158654, '380508670000', 'Example Text', '1', '', '0', '146', '2022-09-17 09:16:13', '\'\''),
(13233324, 67985, '', '', '0', 1663410970242, '380975700000', 'Example Text', '1', '', '1', '2180', '2022-09-17 10:36:17', '{\"new_message\":{\"msgid\":\"7f5246ca-e0ff-4895-b171-bbf098c8d10f\",\"ref_id\":\"6325a3223fe09\"}}'),
(13233335, 67986, '', '', '0', 1663410982267, '380975700000', 'Example Text', '2', '38097570447767986.jpg', '1', '2180', '2022-09-17 10:36:30', '{\"new_message\":{\"msgid\":\"de99f545-2937-435d-8b99-20e0f9453ed5\",\"ref_id\":\"6325a32fe94b5\"}}'),
(13233339, 67987, '', '', '0', 1663410983974, '380975700000', 'Example Text', '2', '38097570447767987.jpg', '1', '2180', '2022-09-17 10:36:33', '{\"new_message\":{\"msgid\":\"9efbb29a-3fd7-4aa3-b021-b2c3543e6a4a\",\"ref_id\":\"6325a3331b9c8\"}}'),
(13233345, 67988, '', '', '0', 1663410994320, '380975700000', 'Example Text', '2', '38097570447767988.jpg', '1', '2180', '2022-09-17 10:36:46', '{\"new_message\":{\"msgid\":\"4a3d05f1-8f8a-4206-b1d0-273fef5f598d\",\"ref_id\":\"6325a33f88989\"}}'),
(13233346, 67989, '', '', '0', 1663410995989, '380975700000', 'Example Text', '2', '38097570447767989.jpg', '1', '2180', '2022-09-17 10:36:49', '{\"new_message\":{\"msgid\":\"7fe4c833-2f79-4a97-9b57-52b6751dcf10\",\"ref_id\":\"6325a342b615b\"}}'),
(13233348, 67990, '', '', '0', 1663410997449, '380975700000', 'Example Text', '2', '38097570447767990.jpg', '1', '2180', '2022-09-17 10:36:52', '{\"new_message\":{\"msgid\":\"62f5e1cf-ea1a-480c-9d2f-4f88a9bc5460\",\"ref_id\":\"6325a345c2d11\"}}'),
(13235137, 67994, '', '', '0', 1663415238481, '380975700000', 'Example Text', '1', '', '1', '2360', '2022-09-17 11:47:21', '{\"new_message\":{\"msgid\":\"5540b93a-e1bb-47b1-87a8-b98e9d8d3feb\",\"ref_id\":\"6325b3caaa76c\"}}'),
(13237268, 2011, '', '', '1', 1663420120646, '380977790000', 'Example Text', '1', '', '0', '436', '2022-09-17 13:10:05', '\'\''),
(13237270, 2012, '', '', '1', 1663420135207, '380977790000', 'Example Text', '1', '', '0', '436', '2022-09-17 13:10:06', '\'\''),
(13237914, 2013, '', '', '1', 1663421657108, '380977790000', 'Example Text', '1', '', '0', '559', '2022-09-17 13:35:29', '\'\''),
(13238108, 2014, '', '', '1', 1663422097933, '380977790000', 'Example Text', '1', '', '0', '554', '2022-09-17 13:43:34', '\'\''),
(13238109, 2015, '', '', '1', 1663422127637, '380977790000', 'Example Text', '1', '', '0', '554', '2022-09-17 13:43:35', '\'\''),
(13238120, 67999, '', '', '1', 1663422220749, '380975700000', 'Example Text', '1', '', '0', '2357', '2022-09-17 13:43:54', '\'\''),
(13238140, 68000, '', '', '1', 1663422282918, '380975700000', 'Example Text', '1', '', '0', '2180', '2022-09-17 13:44:58', '\'\''),
(13238144, 68001, '', '', '1', 1663422309346, '380975700000', 'Example Text', '1', '', '0', '2360', '2022-09-17 13:45:23', '\'\''),
(13238164, 68002, '', '', '1', 1663422344012, '380975700000', 'Example Text', '1', '', '0', '2360', '2022-09-17 13:45:58', '\'\''),
(13239065, 68005, '', '', '0', 1663424889848, '380975700000', 'Example Text', '4', '', '10', '2357', '2022-09-17 14:28:16', '\'\''),
(13239958, 2016, '', '', '1', 1663427253644, '380977790000', 'Example Text', '1', '', '0', '560', '2022-09-17 15:09:15', '\'\''),
(13239959, 2017, '', '', '1', 1663427268217, '380977790000', 'Example Text', '1', '', '0', '560', '2022-09-17 15:09:16', '\'\''),
(13239961, 2018, '', '', '1', 1663427283199, '380977790000', 'Example Text', '9', '', '0', '560', '2022-09-17 15:09:17', '\'\''),
(13240416, 2019, '', '', '1', 1663428382509, '380977790000', 'Example Text', '1', '', '0', '561', '2022-09-17 15:27:35', '\'\''),
(13241298, 68006, '', '', '0', 1663431051239, '380975700000', 'Example Text', '1', '', '1', '2358', '2022-09-17 16:10:52', '{\"new_message\":{\"msgid\":\"ca6539d7-7b4b-4698-a3f8-cd2a06358491\",\"ref_id\":\"6325f18d80521\"}}'),
(13241588, 2020, '', '', '1', 1663431803694, '380977790000', 'Example Text', '1', '', '0', '560', '2022-09-17 16:24:37', '\'\''),
(13241599, 2021, '', '', '1', 1663431830376, '380977790000', 'Example Text', '1', '', '0', '560', '2022-09-17 16:25:03', '\'\''),
(13241633, 2022, '', '', '1', 1663431928074, '380977790000', 'Example Text', '9', '', '0', '560', '2022-09-17 16:26:39', '\'\''),
(13242132, 68007, '', '', '0', 1663433545306, '380975700000', 'Example Text', '1', '', '1', '2180', '2022-09-17 16:52:25', '{\"new_message\":{\"msgid\":\"8df6141b-1ad2-47e0-bb9b-25cdfa4c1e36\",\"ref_id\":\"6325fb4adb19e\"}}'),
(13243419, 2023, '', '', '0', 1663437572482, '380977790000', 'Example Text', '1', '', '1', '556', '2022-09-17 18:00:41', '{\"new_message\":{\"msgid\":\"b8cf5df4-ddb1-420f-86be-b69fb18e99f6\",\"ref_id\":\"63260b4a52eb2\"}}'),
(13243433, 2024, '', '', '1', 1663437603447, '380977790000', 'Example Text', '1', '', '0', '556', '2022-09-17 18:01:17', '\'\''),
(13243434, 2025, '', '', '0', 1663437619775, '380977790000', 'Example Text', '1', '', '1', '556', '2022-09-17 18:01:29', '{\"new_message\":{\"msgid\":\"550bfc5c-3ec9-4f54-b31b-d94ce3a027a7\",\"ref_id\":\"63260b7a59e30\"}}'),
(13243496, 68009, '', '', '1', 1663437845191, '380975700000', 'Example Text', '11', 'false', '0', '2180', '2022-09-17 18:04:08', '\'\''),
(13243546, 68010, '', '', '1', 1663437986187, '380975700000', 'Example Text', '11', 'false', '0', '2180', '2022-09-17 18:06:28', '\'\''),
(13244262, 2026, '', '', '1', 1663440258688, '380977790000', 'Example Text', '1', '', '0', '562', '2022-09-17 18:46:17', '\'\''),
(13244263, 2027, '', '', '1', 1663440273252, '380977790000', 'Example Text', '1', '', '0', '563', '2022-09-17 18:46:18', '\'\''),
(13244264, 2028, '', '', '1', 1663440287846, '380977790000', 'Example Text', '1', '', '0', '564', '2022-09-17 18:46:19', '\'\''),
(13244266, 2029, '', '', '1', 1663440302438, '380977790000', 'Example Text', '1', '', '0', '458', '2022-09-17 18:46:21', '\'\''),
(13244472, 2030, '', '', '0', 1663441000672, '380977790000', 'Example Text', '1', '', '1', '564', '2022-09-17 18:57:48', '{\"new_message\":{\"msgid\":\"ea6d73fd-1f0c-49b8-b8f8-6899d5b2c96d\",\"ref_id\":\"632618adc01c2\"}}'),
(13244490, 2031, '', '', '1', 1663441030323, '380977790000', 'Example Text', '1', '', '0', '564', '2022-09-17 18:58:41', '\'\''),
(13244940, 68014, '', '', '0', 1663442774058, '380975700000', 'Example Text', '1', '', '1', '2362', '2022-09-17 19:26:18', '{\"new_message\":{\"msgid\":\"22ab7e3a-ced2-4182-ac6a-686681358561\",\"ref_id\":\"63261f5b41342\"}}'),
(13245401, 2032, '', '', '0', 1663444433782, '380977790000', 'Example Text', '1', '', '1', '563', '2022-09-17 19:54:58', '{\"new_message\":{\"msgid\":\"0385e3e3-dbf4-4b0f-88d2-e82f0f75d89c\",\"ref_id\":\"6326261379762\"}}'),
(13245411, 2033, '', '', '1', 1663444459558, '380977790000', 'Example Text', '1', '', '0', '563', '2022-09-17 19:55:34', '\'\''),
(13248160, 2034, '', '', '1', 1663454714904, '380977790000', 'Example Text', '1', '', '0', '565', '2022-09-17 22:45:29', '\'\''),
(13248171, 2035, '', '', '1', 1663454740666, '380977790000', 'Example Text', '1', '', '0', '566', '2022-09-17 22:45:55', '\'\''),
(13248203, 2036, '', '', '1', 1663454837507, '380977790000', 'Example Text', '1', '', '0', '567', '2022-09-17 22:47:47', '\'\''),
(13248205, 2037, '', '', '1', 1663454852106, '380977790000', 'Example Text', '1', '', '0', '568', '2022-09-17 22:47:48', '\'\''),
(13248215, 2038, '', '', '1', 1663454878882, '380977790000', 'Example Text', '1', '', '0', '569', '2022-09-17 22:48:14', '\'\''),
(13248241, 2039, '', '', '1', 1663454904634, '380977790000', 'Example Text', '1', '', '0', '570', '2022-09-17 22:49:09', '\'\''),
(13248243, 2040, '', '', '1', 1663454919039, '380977790000', 'Example Text', '1', '', '0', '571', '2022-09-17 22:49:10', '\'\''),
(13248277, 2041, '', '', '1', 1663454961270, '380977790000', 'Example Text', '1', '', '0', '572', '2022-09-17 22:50:22', '\'\''),
(13248278, 2042, '', '', '1', 1663454990969, '380977790000', 'Example Text', '1', '', '0', '404', '2022-09-17 22:50:23', '\'\''),
(13248312, 2043, '', '', '1', 1663455073911, '380977790000', 'Example Text', '1', '', '0', '573', '2022-09-17 22:52:15', '\'\''),
(13248313, 2044, '', '', '1', 1663455104147, '380977790000', 'Example Text', '1', '', '0', '573', '2022-09-17 22:52:16', '\'\''),
(13248676, 68018, '', '', '1', 1663456318670, '380975700000', 'Example Text', '1', '', '0', '2362', '2022-09-17 23:12:12', '\'\'');

-- --------------------------------------------------------

--
-- Структура таблицы `payments`
--

CREATE TABLE `payments` (
  `id` int(11) NOT NULL,
  `login` varchar(30) NOT NULL DEFAULT '',
  `amount` varchar(8) NOT NULL DEFAULT '',
  `product_name` text NOT NULL DEFAULT '',
  `status` text NOT NULL DEFAULT '',
  `date` datetime NOT NULL DEFAULT current_timestamp(),
  `currency` varchar(6) NOT NULL DEFAULT '',
  `email` text NOT NULL DEFAULT '',
  `phone` varchar(30) NOT NULL DEFAULT '',
  `clientName` text NOT NULL DEFAULT '',
  `orderReference` text NOT NULL DEFAULT '',
  `paid` int(11) NOT NULL DEFAULT 0,
  `paid_superpartner` int(11) NOT NULL DEFAULT 0,
  `comfirmed_superpartner` int(11) NOT NULL DEFAULT 0
) ENGINE=MyISAM DEFAULT CHARSET=utf8;

--
-- Дамп данных таблицы `payments`
--

INSERT INTO `payments` (`id`, `login`, `amount`, `product_name`, `status`, `date`, `currency`, `email`, `phone`, `clientName`, `orderReference`, `paid`, `paid_superpartner`, `comfirmed_superpartner`) VALUES
(7, '380508670000', '1', 'Example Product_name', 'Approved', '2020-07-05 10:49:18', 'UAH', '', '', '', '1232312356123', 0, 0, 0),
(6, '380508670000', '1', 'Example Product_name', 'Approved', '2020-07-04 22:24:51', 'UAH', '', '', '', '1232312356123', 0, 0, 0),
(35, '380508670000', '', 'Example Product_name', '', '2020-07-29 09:54:06', 'UAH', '', '', '', '1232312356123', 0, 0, 0),
(165, '380508670000', '', 'Example Product_name', '', '2020-10-12 09:29:04', 'UAH', '', '', '', '1232312356123', 0, 0, 0),
(335, '380508670000', '', 'Example Product_name', '', '2020-11-27 11:35:08', 'UAH', '', '', '', '1232312356123', 0, 0, 0),
(336, '380508670000', '', 'Example Product_name', '', '2020-11-27 11:47:07', 'UAH', '', '', '', '1232312356123', 0, 0, 0),
(338, '380508670000', '', 'Example Product_name', '', '2020-11-27 11:48:46', 'UAH', '', '', '', '1232312356123', 0, 0, 0),
(350, '380508670000', '', 'Example Product_name', '', '2020-11-27 14:51:55', 'UAH', '', '', '', '1232312356123', 0, 0, 0),
(876, '380508670000', '', 'Example Product_name', '', '2021-03-24 16:58:59', 'UAH', '', '', '', '1232312356123', 0, 0, 0),
(1042, '380508670000', '', 'Example Product_name', '', '2021-04-25 15:18:43', 'UAH', '', '', '', '1232312356123', 0, 0, 0),
(1063, '380508670000', '', 'Example Product_name', '', '2021-05-02 02:21:18', 'UAH', '', '', '', '1232312356123', 0, 0, 0),
(1112, '380508670000', '', 'Example Product_name', '', '2021-05-06 13:21:12', 'UAH', '', '', '', '1232312356123', 0, 0, 0),
(1578, '380508670000', '', 'Example Product_name', '', '2021-07-28 15:54:02', 'UAH', '', '', '', '1232312356123', 0, 0, 0),
(1579, '380508670000', '', 'Example Product_name', '', '2021-07-28 15:54:22', 'UAH', '', '', '', '1232312356123', 0, 0, 0),
(1580, '380508670000', '', 'Example Product_name', '', '2021-07-28 15:55:25', 'UAH', '', '', '', '1232312356123', 0, 0, 0),
(1633, '380508670000', '', 'Example Product_name', '', '2021-08-06 18:18:00', 'USD', '', '', '', '1232312356123', 0, 0, 0),
(1634, '380508670000', '', 'Example Product_name', '', '2021-08-06 18:19:08', 'USD', '', '', '', '1232312356123', 0, 0, 0),
(1635, '380508670000', '', 'Example Product_name', '', '2021-08-06 18:19:42', 'USD', '', '', '', '1232312356123', 0, 0, 0),
(1636, '380508670000', '', 'Example Product_name', '', '2021-08-06 18:20:03', 'USD', '', '', '', '1232312356123', 0, 0, 0),
(1638, '380508670000', '', 'Example Product_name', '', '2021-08-06 18:55:02', 'USD', '', '', '', '1232312356123', 0, 0, 0),
(1681, '380508670000', '0.99', 'Example Product_name', 'Approved', '2021-08-15 15:00:19', 'USD', '', '', '', '1232312356123', 0, 0, 0),
(1722, '380975700000', '', 'Example Product_name', '', '2021-08-23 18:44:07', 'UAH', '', '', '', '1232312356123', 0, 0, 0),
(1731, '380975700000', '499', 'Example Product_name', 'Approved', '2021-08-25 10:08:12', 'UAH', '', '', '', '1232312356123', 0, 0, 0),
(1896, '380975700000', '1392', 'Example Product_name', 'Approved', '2021-09-22 18:03:26', 'UAH', '', '', '', '1232312356123', 0, 0, 0),
(2241, '380999888776', '', 'Example Product_name', '', '2021-11-15 13:30:48', 'USD', '', '', '', '1232312356123', 0, 0, 0),
(2242, '380999888776', '', 'Example Product_name', '', '2021-11-15 13:31:32', 'USD', '', '', '', '1232312356123', 0, 0, 0),
(2248, '380999888776', '', 'Example Product_name', '', '2021-11-16 18:45:45', 'USD', '', '', '', '1232312356123', 0, 0, 0),
(2250, '380999888776', '29.99', 'Example Product_name', 'Approved', '2021-11-17 09:16:50', 'USD', '', '', '', '1232312356123', 0, 0, 0),
(2453, '380999888776', '29.99', 'Example Product_name', 'Approved', '2021-12-20 08:18:04', 'USD', '', '', '', '1232312356123', 0, 0, 0),
(2470, '380975700000', '1392', 'Example Product_name', 'Approved', '2021-12-22 12:52:33', 'UAH', '', '', '', '1232312356123', 0, 0, 0),
(2621, '380999888776', '29.99', 'Example Product_name', 'Approved', '2022-01-21 13:02:17', 'USD', '', '', '', '1232312356123', 0, 0, 0),
(2830, '380999888776', '29.99', 'Example Product_name', 'Approved', '2022-02-22 10:21:44', 'USD', '', '', '', '1232312356123', 0, 0, 0),
(2859, '380508670000', '', 'Example Product_name', '', '2022-02-26 16:31:40', 'USD', '', '', '', '1232312356123', 0, 0, 0),
(2860, '380508670000', '', 'Example Product_name', '', '2022-02-26 19:32:43', 'UAH', '', '', '', '1232312356123', 0, 0, 0),
(2861, '380508670000', '', 'Example Product_name', '', '2022-02-26 19:33:50', 'UAH', '', '', '', '1232312356123', 0, 0, 0),
(2862, '380508670000', '', 'Example Product_name', '', '2022-02-26 19:34:04', 'UAH', '', '', '', '1232312356123', 0, 0, 0),
(2863, '380508670000', '', 'Example Product_name', '', '2022-02-26 19:34:57', 'UAH', '', '', '', '1232312356123', 0, 0, 0),
(2864, '380508670000', '', 'Example Product_name', '', '2022-02-26 19:41:03', 'UAH', '', '', '', '1232312356123', 0, 0, 0),
(2865, '380508670000', '', 'Example Product_name', '', '2022-02-26 19:41:31', 'UAH', '', '', '', '1232312356123', 0, 0, 0),
(2918, '380999888776', '', 'Example Product_name', '', '2022-03-21 16:54:05', 'USD', '', '', '', '1232312356123', 0, 0, 0),
(2931, '380975700000', '499', 'Example Product_name', 'Approved', '2022-03-27 12:56:15', 'UAH', '', '', '', '1232312356123', 0, 0, 0),
(2934, '380999888776', '', 'Example Product_name', '', '2022-03-29 11:25:26', 'USD', '', '', '', '1232312356123', 0, 0, 0),
(2935, '380999888776', '', 'Example Product_name', '', '2022-03-29 11:33:11', 'USD', '', '', '', '1232312356123', 0, 0, 0),
(2936, '380999888776', '76.65', 'Example Product_name', 'Approved', '2022-03-29 12:02:23', 'USD', '', '', '', '1232312356123', 0, 0, 0),
(2999, '380975700000', '499', 'Example Product_name', 'Approved', '2022-04-28 05:25:28', 'UAH', '', '', '', '1232312356123', 0, 0, 0),
(3115, '380975700000', '499', 'Example Product_name', 'Approved', '2022-05-29 12:42:49', 'UAH', '', '', '', '1232312356123', 0, 0, 0),
(3226, '380999888776', '', 'Example Product_name', '', '2022-06-30 09:07:29', 'USD', '', '', '', '1232312356123', 0, 0, 0),
(3227, '380999888776', '', 'Example Product_name', '', '2022-06-30 09:30:47', 'USD', '', '', '', '1232312356123', 0, 0, 0),
(3229, '380999888776', '', 'Example Product_name', '', '2022-06-30 09:45:35', 'USD', '', '', '', '1232312356123', 0, 0, 0),
(3231, '380975700000', '1499', 'Example Product_name', 'Approved', '2022-06-30 10:07:58', 'UAH', '', '', '', '1232312356123', 0, 0, 0),
(3238, '380999888776', '76.65', 'Example Product_name', 'Approved', '2022-07-01 14:00:33', 'USD', '', '', '', '1232312356123', 0, 0, 0),
(3240, '380508670000', '', 'Example Product_name', '', '2022-07-02 18:32:52', 'UAH', '', '', '', '1232312356123', 0, 0, 0),
(3241, '380508670000', '', 'Example Product_name', '', '2022-07-02 18:35:06', 'UAH', '', '', '', '1232312356123', 0, 0, 0),
(3242, '380508670000', '', 'Example Product_name', '', '2022-07-02 18:36:03', 'UAH', '', '', '', '1232312356123', 0, 0, 0),
(3243, '380508670000', '', 'Example Product_name', '', '2022-07-02 18:36:50', 'UAH', '', '', '', '1232312356123', 0, 0, 0),
(3244, '380508670000', '', 'Example Product_name', '', '2022-07-02 18:38:10', 'UAH', '', '', '', '1232312356123', 0, 0, 0),
(3245, '380508670000', '', 'Example Product_name', '', '2022-07-02 18:41:30', 'UAH', '', '', '', '1232312356123', 0, 0, 0),
(3246, '380508670000', '', 'Example Product_name', '', '2022-07-02 19:07:24', 'USD', '', '', '', '1232312356123', 0, 0, 0),
(3247, '380508670000', '', 'Example Product_name', '', '2022-07-02 19:08:19', 'USD', '', '', '', '1232312356123', 0, 0, 0),
(3248, '380508670000', '', 'Example Product_name', '', '2022-07-02 19:08:19', 'USD', '', '', '', '1232312356123', 0, 0, 0),
(3249, '380508670000', '', 'Example Product_name', '', '2022-07-02 20:07:29', 'UAH', '', '', '', '1232312356123', 0, 0, 0),
(3250, '380508670000', '', 'Example Product_name', '', '2022-07-02 20:07:29', 'UAH', '', '', '', '1232312356123', 0, 0, 0),
(3251, '380508670000', '', 'Example Product_name', '', '2022-07-02 20:10:33', 'UAH', '', '', '', '1232312356123', 0, 0, 0),
(3252, '380508670000', '', 'Example Product_name', '', '2022-07-02 20:10:33', 'UAH', '', '', '', '1232312356123', 0, 0, 0),
(3253, '380508670000', '', 'Example Product_name', '', '2022-07-02 20:13:15', 'UAH', '', '', '', '1232312356123', 0, 0, 0),
(3254, '380508670000', '', 'Example Product_name', '', '2022-07-02 20:14:41', 'UAH', '', '', '', '1232312356123', 0, 0, 0),
(3255, '380508670000', '', 'Example Product_name', '', '2022-07-02 20:16:35', 'UAH', '', '', '', '1232312356123', 0, 0, 0),
(3256, '380508670000', '', 'Example Product_name', '', '2022-07-02 20:19:08', 'UAH', '', '', '', '1232312356123', 0, 0, 0),
(3257, '380508670000', '', 'Example Product_name', '', '2022-07-02 20:21:12', 'USD', '', '', '', '1232312356123', 0, 0, 0),
(3258, '380508670000', '', 'Example Product_name', '', '2022-07-02 20:23:59', 'USD', '', '', '', '1232312356123', 0, 0, 0),
(3259, '380508670000', '', 'Example Product_name', '', '2022-07-02 20:24:17', 'UAH', '', '', '', '1232312356123', 0, 0, 0),
(3260, '380508670000', '', 'Example Product_name', '', '2022-07-02 20:34:28', 'UAH', '', '', '', '1232312356123', 0, 0, 0),
(3261, '380508670000', '', 'Example Product_name', '', '2022-07-02 20:37:31', 'USD', '', '', '', '1232312356123', 0, 0, 0),
(3262, '380508670000', '', 'Example Product_name', '', '2022-07-02 20:45:39', 'USD', '', '', '', '1232312356123', 0, 0, 0),
(3330, '380975700000', '', 'Example Product_name', '', '2022-07-31 06:52:18', 'USD', '', '', '', '1232312356123', 0, 0, 0),
(3331, '380975700000', '', 'Example Product_name', '', '2022-07-31 06:53:12', 'USD', '', '', '', '1232312356123', 0, 0, 0),
(3332, '380975700000', '', 'Example Product_name', '', '2022-07-31 06:53:55', 'UAH', '', '', '', '1232312356123', 0, 0, 0),
(3333, '380975700000', '', 'Example Product_name', '', '2022-07-31 06:56:01', 'USD', '', '', '', '1232312356123', 0, 0, 0),
(3334, '380975700000', '499', 'Example Product_name', 'Approved', '2022-07-31 06:54:13', 'UAH', '', '', '', '1232312356123', 0, 0, 0),
(3414, '380975700000', '499', 'Example Product_name', 'Approved', '2022-09-01 14:35:24', 'UAH', '', '', '', '1232312356123', 0, 0, 0),
(3513, '380975700000', '1392', 'Example Product_name', 'Approved', '2022-10-03 14:20:10', 'UAH', '', '', '', '1232312356123', 0, 0, 0),
(3521, '380508670000', '', 'Example Product_name', '', '2022-10-05 08:15:22', 'USD', '', '', '', '1232312356123', 0, 0, 0),
(3596, '380508670000', '', 'Example Product_name', 'Approved', '2022-11-12 19:58:44', 'USD', '', '', '', '1232312356123', 0, 0, 0),
(3597, '380508670000', '76.65', 'Example Product_name', 'Approved', '2022-11-12 19:58:44', 'USD', '', '', '', '1232312356123', 0, 0, 0),
(3598, '380508670000', '139.98', 'Example Product_name', 'Approved', '2022-11-12 19:58:44', 'USD', '', '', '', '1232312356123', 0, 0, 0),
(3599, '380508670000', '29.99', 'Example Product_name', 'Approved', '2022-11-12 19:58:44', 'USD', '', '', '', '1232312356123', 0, 0, 0),
(3600, '380508670000', '76.65', 'Example Product_name', '', '2022-11-12 20:39:41', 'USD', '', '', '', '1232312356123', 0, 0, 0),
(3601, '380508670000', '29.99', 'Example Product_name', '', '2022-11-12 20:39:41', 'USD', '', '', '', '1232312356123', 0, 0, 0),
(3602, '380508670000', '29.99', 'Example Product_name', '', '0000-00-00 00:00:00', 'USD', '', '', '', '1232312356123', 0, 0, 0),
(3603, '380508670000', '253.32', 'Example Product_name', '', '0000-00-00 00:00:00', 'USD', '', '', '', '1232312356123', 0, 0, 0),
(3604, '380508670000', '29.99', 'Example Product_name', '', '2022-11-12 21:04:53', 'USD', '', '', '', '1232312356123', 0, 0, 0),
(3605, '380508670000', '29.99', 'Example Product_name', '', '2022-11-12 21:04:58', 'USD', '', '', '', '1232312356123', 0, 0, 0),
(3606, '380508670000', '29.99', 'Example Product_name', 'Approved', '2022-11-12 21:06:58', 'USD', '', '', '', '1232312356123', 0, 0, 0),
(3607, '380508670000', '29.99', 'Example Product_name', 'Approved', '2022-11-12 21:11:19', 'USD', '', '', '', '1232312356123', 0, 0, 0),
(3608, '380508670000', '29.99', 'Example Product_name', 'Approved', '2022-11-12 21:20:30', 'USD', '', '', '', '1232312356123', 0, 0, 0),
(3609, '380508670000', '76.65', 'Example Product_name', '', '2022-11-12 21:35:58', 'USD', '', '', '', '1232312356123', 0, 0, 0),
(3610, '380508670000', '29.99', 'Example Product_name', '', '2022-11-12 22:01:18', 'USD', '', '', '', '1232312356123', 0, 0, 0),
(3611, '380508670000', '29.99', 'Example Product_name', '', '2022-11-12 22:02:53', 'USD', '', '', '', '1232312356123', 0, 0, 0),
(3612, '380508670000', '29.99', 'Example Product_name', '', '2022-11-12 22:36:47', 'USD', '', '', '', '1232312356123', 0, 0, 0),
(3613, '380508670000', '29.99', 'Example Product_name', '', '2022-11-12 22:37:00', 'USD', '', '', '', '1232312356123', 0, 0, 0),
(3615, '380508670000', '29.99', 'Example Product_name', 'Approved', '2022-11-13 08:45:26', 'USD', '', '', '', '1232312356123', 0, 0, 0),
(3617, '380508670000', '29.99', 'Example Product_name', 'Approved', '2022-11-13 20:31:37', 'USD', '', '', '', '1232312356123', 0, 0, 0),
(3645, '380508670000', '29.99', 'Example Product_name', '', '2022-11-19 08:26:07', 'USD', '', '', '', '1232312356123', 0, 0, 0),
(3646, '380508670000', '29.99', 'Example Product_name', '', '2022-11-19 08:27:06', 'USD', '', '', '', '1232312356123', 0, 0, 0),
(3647, '380508670000', '29.99', 'Example Product_name', '', '2022-11-19 08:30:33', 'USD', '', '', '', '1232312356123', 0, 0, 0),
(3648, '380508670000', '29.99', 'Example Product_name', '', '2022-11-19 08:31:32', 'USD', '', '', '', '1232312356123', 0, 0, 0),
(3665, '380975700000', '', 'Example Product_name', '', '2022-11-22 16:23:23', 'USD', '', '', '', '1232312356123', 0, 0, 0),
(3666, '380975700000', '', 'Example Product_name', '', '2022-11-22 17:29:36', 'UAH', '', '', '', '1232312356123', 0, 0, 0);

-- --------------------------------------------------------

--
-- Структура таблицы `sent_messages`
--

CREATE TABLE `sent_messages` (
  `id` int(11) NOT NULL,
  `timestamp` datetime NOT NULL DEFAULT current_timestamp(),
  `company` varchar(20) NOT NULL DEFAULT '',
  `recipient` varchar(20) NOT NULL DEFAULT '',
  `text` text CHARACTER SET utf8mb4 COLLATE utf8mb4_bin NOT NULL DEFAULT '',
  `status` int(11) NOT NULL DEFAULT 0,
  `message_id` text CHARACTER SET utf8mb4 COLLATE utf8mb4_bin NOT NULL DEFAULT ''
) ENGINE=MyISAM DEFAULT CHARSET=utf8;

--
-- Дамп данных таблицы `sent_messages`
--

INSERT INTO `sent_messages` (`id`, `timestamp`, `company`, `recipient`, `text`, `status`, `message_id`) VALUES
(3701383, '2022-05-24 03:55:07', '380999888776', '380999888776', 'Example message text', 4, 'd4736af4-a466-48b9-a1fb-4d75e01ac6ab'),
(3696886, '2022-05-22 20:26:04', '380999888776', '380999888776', 'Example message text', 4, '1aaf5940-6528-404b-b169-92af25c14489'),
(3866561, '2022-07-07 15:51:44', '380999888776', '380999888776', 'Example message text', 4, '50cb3d74-646a-4fab-aa67-4566722c3c49'),
(3875244, '2022-07-11 07:53:02', '380999888776', '380999888776', 'Example message text', 4, '4f4a74d9-a822-40bd-b49b-6259ea088180'),
(3902253, '2022-07-17 10:45:10', '380999888776', '380999888776', 'Example message text', 4, 'e6825b10-d297-41fd-bfae-7447e6980d00'),
(3929308, '2022-07-22 15:07:05', '380999888776', '380999888776', 'Example message text', 4, '22e91ddf-a938-4e57-aae8-7c0ec09dae60'),
(3972843, '2022-08-02 15:08:36', '380999888776', '380999888776', 'Example message text', 4, '893b5280-107b-456b-90b6-dca786c6581a'),
(4038440, '2022-08-18 09:58:30', '380999888776', '380999888776', 'Example message text', 4, 'a3b09796-b3db-403d-a054-c79f2a74092a'),
(4049569, '2022-08-22 08:26:58', '380999888776', '380999888776', 'Example message text', 4, 'e3966035-7e95-45e2-821b-c16cf36b2030'),
(4062940, '2022-08-25 09:30:23', '380999888776', '380999888776', 'Example message text', 4, '4f8024e0-2047-47aa-bb62-da4ce9bbc828'),
(4062961, '2022-08-25 09:33:40', '380999888776', '380999888776', 'Example message text', 1, '5c2faacf-294f-4e59-8d30-e158429f467f'),
(4063109, '2022-08-25 09:55:51', '380999888776', '380999888776', 'Example message text', 1, 'e4f2d2ac-3018-406e-b8d7-0dd2a83e816a'),
(4063118, '2022-08-25 09:57:19', '380999888776', '380999888776', 'Example message text', 1, '878dde8f-c6b9-44f9-8425-db2c067949dc'),
(4063143, '2022-08-25 10:00:01', '380999888776', '380999888776', 'Example message text', 1, '8c6e48fa-c9f9-47d7-af44-35122a82afec'),
(4063320, '2022-08-25 10:18:35', '380999888776', '380999888776', 'Example message text', 1, 'fbe318b4-0a1f-429e-97f0-bd3df4d957bf'),
(4066970, '2022-08-26 09:21:40', '380999888776', '380999888776', 'Example message text', 1, '4e882175-f477-4dfe-beb1-8fbf1b936709'),
(4078284, '2022-08-29 14:34:21', '380999888776', '380999888776', 'Example message text', 4, '0a4fb532-9a8b-4d6a-b7ee-563d51027aab'),
(4078350, '2022-08-29 14:42:59', '380999888776', '380999888776', 'Example message text', 4, '3be97201-53d7-4785-a1de-8199b1eac638'),
(4082922, '2022-08-30 13:06:54', '380999888776', '380999888776', 'Example message text', 4, '9d9430ed-5ea8-4f2b-ba6f-99fdf682867f'),
(4134786, '2022-09-13 12:24:23', '380999888776', '380999888776', 'Example message text', 4, '6d7b2f94-d71e-4fba-a131-d00b01df6ffc'),
(4146581, '2022-09-16 09:34:55', '380999888776', '380999888776', 'Example message text', 4, 'eb1e6e26-df55-4283-8305-f9cd9d82acdb'),
(4169656, '2022-09-22 15:27:35', '380999888776', '380999888776', 'Example message text', 4, 'ca05d286-b7e1-437a-82d9-04dea1e4edf3'),
(4169742, '2022-09-22 15:58:06', '380999888776', '380999888776', 'Example message text', 4, 'abb6590b-0e2b-4e3c-bc2e-c5db9d63a117'),
(4173835, '2022-09-23 16:22:13', '380999888776', '380999888776', 'Example message text', 4, '63181681-3b86-443e-8479-2e7dba568211'),
(4183584, '2022-09-27 09:50:06', '380999888776', '380999888776', 'Example message text', 4, 'cfcd9a93-6957-4491-a347-df065d7014ca'),
(4209499, '2022-10-03 12:42:04', '380999888776', '380999888776', 'Example message text', 4, '918c7a38-8a84-4a4f-b8c7-9eab66b56b04'),
(4210234, '2022-10-03 15:00:25', '380999888776', '380999888776', 'Example message text', 4, '73edbee3-9f82-408f-8015-0cbdca9da188'),
(4210728, '2022-10-03 18:40:29', '380999888776', '380999888776', 'Example message text', 4, 'ddaed206-538b-468d-a3a1-54663eccc7bb'),
(4210729, '2022-10-03 18:40:29', '380999888776', '380999888776', 'Example message text', 4, 'dc997ce5-6912-45ce-9f8f-14ea8970aef2'),
(4219296, '2022-10-05 15:36:06', '380999888776', '380999888776', 'Example message text', 4, '949b9d2c-7ad9-4ceb-80c3-8eebb7dd52ca'),
(4360138, '2022-11-14 14:24:48', '380975700000', '380999888776', 'Example message text', 1, 'fb8f42d5-3fee-4357-b39b-66a2d6988a6b'),
(4360148, '2022-11-14 14:26:08', '380975700000', '380999888776', 'Example message text', 1, 'ec495f54-b5ca-4463-a2b7-0a25c59e62ee'),
(4360150, '2022-11-14 14:26:48', '380975700000', '380999888776', 'Example message text', 1, '0d4647a4-74a0-48f4-87b4-14f754d08be3'),
(4360164, '2022-11-14 14:28:37', '380975700000', '380999888776', 'Example message text', 1, '625d381c-e7ef-4949-9b83-4cc4383cfc38'),
(4360165, '2022-11-14 14:28:47', '380975700000', '380999888776', 'Example message text', 1, '3954bafd-deeb-48dc-b938-f261aad75c3d'),
(4360170, '2022-11-14 14:29:13', '380975700000', '380999888776', 'Example message text', 1, '8aceccf4-98d5-4e01-a9af-08cd486f6b88'),
(4360172, '2022-11-14 14:29:26', '380975700000', '380999888776', 'Example message text', 1, 'f4b29ad6-ffec-4190-bed1-d49f675cd26b'),
(4360180, '2022-11-14 14:30:25', '380975700000', '380999888776', 'Example message text', 1, 'a51a227b-95bf-49af-a936-d53c5c7fabb7'),
(4360182, '2022-11-14 14:30:32', '380975700000', '380999888776', 'Example message text', 1, '54466ab2-844d-4ba7-a7df-c57dfb84d631'),
(4360184, '2022-11-14 14:31:06', '380975700000', '380999888776', 'Example message text', 1, '2c14400e-9a4d-49e8-8e8b-8d927236e7d4'),
(4360192, '2022-11-14 14:31:47', '380975700000', '380999888776', 'Example message text', 1, 'dc625cf0-8e13-4df6-b796-1dc5316d5cdd'),
(4360204, '2022-11-14 14:33:28', '380975700000', '380999888776', 'Example message text', 1, '7ea177a4-10e9-49bd-b152-2797b4f7600c'),
(4360207, '2022-11-14 14:34:20', '380975700000', '380999888776', 'Example message text', 1, '57a6adc4-bece-4356-8549-0602229ec5f6'),
(4360218, '2022-11-14 14:35:36', '380975700000', '380999888776', 'Example message text', 1, '2463359a-65eb-4eec-a991-092e5187d1d1'),
(4360234, '2022-11-14 14:38:45', '380975700000', '380999888776', 'Example message text', 1, 'ca1b8253-2a46-434e-a1d2-b016b1240aaf'),
(4360248, '2022-11-14 14:40:39', '380975700000', '380999888776', 'Example message text', 1, 'fcb9c222-f8c8-49a0-8960-c5067eb5432d'),
(4360265, '2022-11-14 14:42:45', '380975700000', '380999888776', 'Example message text', 1, '79a45ad6-ad17-42cf-97e8-b84c60e8c95c'),
(4360266, '2022-11-14 14:42:51', '380975700000', '380999888776', 'Example message text', 1, '546212f7-83f6-4c6e-a5b3-06865ee5bf50'),
(4360270, '2022-11-14 14:43:19', '380975700000', '380999888776', 'Example message text', 1, 'fd464ec5-e2ac-43cb-b512-75a7b93955c3'),
(4360272, '2022-11-14 14:43:24', '380975700000', '380999888776', 'Example message text', 1, '62a5155c-326e-4dc1-8b83-51edeb13cbf2'),
(4360274, '2022-11-14 14:43:39', '380975700000', '380999888776', 'Example message text', 1, '3469013c-e8eb-48f8-95af-8036c7091691'),
(4360275, '2022-11-14 14:43:44', '380975700000', '380999888776', 'Example message text', 1, '73979c3d-8e9e-4753-9bc5-00a83ca2b41b'),
(4360289, '2022-11-14 14:45:45', '380975700000', '380999888776', 'Example message text', 1, '7470f863-1e67-425f-a254-183f3104260c'),
(4360295, '2022-11-14 14:46:42', '380975700000', '380999888776', 'Example message text', 1, 'f66de19e-2199-499e-9460-7bbd496b7533'),
(4360297, '2022-11-14 14:47:03', '380975700000', '380999888776', 'Example message text', 1, '7118c030-f71d-424f-a7df-a03204790c81'),
(4360298, '2022-11-14 14:47:10', '380975700000', '380999888776', 'Example message text', 1, 'b2f77d5e-82a2-42d7-b5da-f75efecb071e'),
(4360304, '2022-11-14 14:47:26', '380975700000', '380999888776', 'Example message text', 1, '96826569-f868-4853-9230-2f40575af9a3'),
(4360310, '2022-11-14 14:47:53', '380975700000', '380999888776', 'Example message text', 1, '46ed81df-9f8d-401d-ac19-1bff5a9c70a3'),
(4360317, '2022-11-14 14:49:06', '380975700000', '380999888776', 'Example message text', 1, 'da1e0200-2d79-49eb-8b8e-4deed98d326e'),
(4365589, '2022-11-15 19:56:28', '380975700000', '380999888776', 'Example message text', 1, '40e1951e-2d7c-4967-a529-45088416022e'),
(4373412, '2022-11-18 07:00:01', '380508670000', '380999888776', 'Example message text', 1, ''),
(4373755, '2022-11-18 08:00:01', '380508670000', '380999888776', 'Example message text', 1, ''),
(4373756, '2022-11-18 08:00:01', '380508670000', '380999888776', 'Example message text', 1, ''),
(4373905, '2022-11-18 08:27:24', '380508670000', '380999888776', 'Example message text', 1, '1b5ff4cd-78c0-4483-986b-6475f61520ca'),
(4373912, '2022-11-18 08:29:03', '380508670000', '380999888776', 'Example message text', 1, '7960795f-6c2a-4ddc-af0a-cf04760660b9'),
(4377892, '2022-11-19 10:00:24', '380508670000', '380999888776', 'Example message text', 1, '29ff86e8-ca24-44b7-8dd9-e97609fa180c'),
(4378157, '2022-11-19 11:20:58', '380508670000', '380999888776', 'Example message text', 1, '88d429f3-6af8-4229-9261-2a4620b3b55a'),
(4378160, '2022-11-19 11:23:23', '380508670000', '380999888776', 'Example message text', 1, '154ebbcd-829e-4c3f-a242-8804f0aa5ee1'),
(4378185, '2022-11-19 11:36:28', '380508670000', '380999888776', 'Example message text', 1, '55078dbc-c952-44f9-8edf-721e89e3a142'),
(4378194, '2022-11-19 11:38:18', '380508670000', '380999888776', 'Example message text', 1, '8abef70f-d769-46ec-83d9-214ce335a2ad'),
(4378224, '2022-11-19 11:46:51', '380508670000', '380999888776', 'Example message text', 1, '64f29265-79a8-4a20-ba2d-8250de4e2ef5'),
(4378227, '2022-11-19 11:49:22', '380508670000', '380999888776', 'Example message text', 1, '71952308-5de5-4c05-ab01-888908cc54b8'),
(4378233, '2022-11-19 11:52:47', '380508670000', '380999888776', 'Example message text', 1, '573ac35c-7c35-4d5a-b611-084a046da1cf'),
(4378239, '2022-11-19 11:53:47', '380508670000', '380999888776', 'Example message text', 1, '51663e5c-82b8-4624-9066-efa8b378d47e'),
(4378243, '2022-11-19 11:54:23', '380508670000', '380999888776', 'Example message text', 1, 'ec5252e4-94b0-4aca-a562-45fb8a1449a4'),
(4378245, '2022-11-19 11:56:19', '380508670000', '380999888776', 'Example message text', 1, '2f32b871-df1c-4574-b3f3-109eb4840c2e'),
(4378352, '2022-11-19 12:28:34', '380508670000', '380999888776', 'Example message text', 1, '3bd746ff-ea95-4ad3-b676-786a84029723'),
(4378353, '2022-11-19 12:28:54', '380508670000', '380999888776', 'Example message text', 1, 'a82ee4c4-287e-42ed-84a5-31c457ab8441'),
(4378356, '2022-11-19 12:30:07', '380508670000', '380999888776', 'Example message text', 1, '046e7a49-9e52-4147-94d2-04663cad2a91'),
(4378467, '2022-11-19 13:02:01', '380508670000', '380999888776', 'Example message text', 1, '123921bc-e271-46a5-9b50-f3b55b556bcc'),
(4379292, '2022-11-20 07:00:01', '380508670000', '380999888776', 'Example message text', 1, ''),
(4379293, '2022-11-20 07:00:01', '380508670000', '380999888776', 'Example message text', 1, ''),
(4382187, '2022-11-21 07:00:01', '380508670000', '380999888776', 'Example message text', 1, ''),
(4382188, '2022-11-21 07:00:01', '380508670000', '380999888776', 'Example message text', 1, ''),
(4382457, '2022-11-21 08:00:01', '380508670000', '380999888776', 'Example message text', 1, ''),
(4382641, '2022-11-21 08:32:16', '380508670000', '380999888776', 'Example message text', 1, 'f14e45fd-e8cd-4db2-93aa-23a6cee63ef8'),
(4382869, '2022-11-21 09:01:52', '380508670000', '380999888776', 'Example message text', 1, 'a4b87e6a-8f85-4aaf-bc95-9afee89c4932'),
(4383303, '2022-11-21 10:13:46', '380508670000', '380999888776', 'Example message text', 1, '41576637-cce8-4006-806c-bcb2eb996aff'),
(4383324, '2022-11-21 10:16:40', '380508670000', '380999888776', 'Example message text', 1, 'd42c77ed-4b08-427c-8bd1-356fa9745c98'),
(4383365, '2022-11-21 10:23:39', '380508670000', '380999888776', 'Example message text', 1, '5725e86c-fd44-4cae-b370-1c6fa17f3c4a'),
(4383377, '2022-11-21 10:25:00', '380508670000', '380999888776', 'Example message text', 1, 'ccaf3b62-7844-458c-9214-f07ee7a9f42a'),
(4383619, '2022-11-21 10:48:42', '380508670000', '380999888776', 'Example message text', 1, 'dd757a75-7754-4ff4-8666-b30a83663b57'),
(4383703, '2022-11-21 11:00:38', '380508670000', '380999888776', 'Example message text', 1, 'aa8977f7-e7a1-4c53-b002-5cafc37afdd1'),
(4384248, '2022-11-21 12:17:22', '380977790000', '380999888776', 'Example message text', 4, '4daf7603-99c6-478c-bbc9-c0b904b20efd'),
(4384498, '2022-11-21 12:56:04', '380977790000', '380999888776', 'Example message text', 4, '55a15f82-1fee-47f8-9a8d-d7288984bdf4'),
(4384754, '2022-11-21 13:34:22', '380977790000', '380999888776', 'Example message text', 4, '17ea5dc8-0f6e-40ec-aaaf-8f512e2fac90'),
(4384755, '2022-11-21 13:34:23', '380977790000', '380999888776', 'Example message text', 4, 'aa6838e3-2dd3-4c56-94c8-496d56b8a0ab'),
(4384756, '2022-11-21 13:34:23', '380977790000', '380999888776', 'Example message text', 4, 'dd4cf198-09fa-4eb2-a5c3-b7b652954558'),
(4384779, '2022-11-21 13:37:06', '380977790000', '380999888776', 'Example message text', 1, 'd8e8296f-4fcf-438c-9662-4c7378c19874'),
(4384953, '2022-11-21 13:59:57', '380977790000', '380999888776', 'Example message text', 4, '42fc6918-95c3-4631-9be3-9e9a152f1876'),
(4384954, '2022-11-21 13:59:57', '380977790000', '380999888776', 'Example message text', 4, '82d10eb4-47d7-4127-b7cc-6da0d29feabe'),
(4384965, '2022-11-21 14:01:09', '380977790000', '380999888776', 'Example message text', 4, '3020a8e7-1c7a-4bef-9319-735632dcc750'),
(4385012, '2022-11-21 14:06:07', '380977790000', '380999888776', 'Example message text', 4, 'c5328a2d-7547-490b-9a8e-bcae54bb0b59'),
(4385013, '2022-11-21 14:06:07', '380977790000', '380999888776', 'Example message text', 4, '7621c595-ab21-46a9-b9d1-854a6f61f2bf'),
(4385021, '2022-11-21 14:08:07', '380977790000', '380999888776', 'Example message text', 4, '69e6049b-39fb-4b43-a054-cd59c12a1b54'),
(4385231, '2022-11-21 14:34:44', '380508670000', '380999888776', 'Example message text', 1, 'd31b8ee4-2bfc-4421-9b20-ae66e50359e7'),
(4385291, '2022-11-21 14:44:16', '380508670000', '380999888776', 'Example message text', 1, '90860f4c-309f-4f5f-8501-b714887e6712'),
(4385400, '2022-11-21 14:55:03', '380977790000', '380999888776', 'Example message text', 1, '88a57e75-75d5-4b14-98d6-0942673b500c'),
(4385999, '2022-11-21 16:38:03', '380977790000', '380999888776', 'Example message text', 1, '98365347-b23e-47cd-9989-af70ebb9467d'),
(4386153, '2022-11-21 17:42:15', '380977790000', '380999888776', 'Example message text', 1, 'f1c35f12-f480-43ac-a992-a696c0789ce3'),
(4386154, '2022-11-21 17:42:15', '380977790000', '380999888776', 'Example message text', 4, 'a92a6492-efc5-4e39-97b9-c38ba28eec96'),
(4386155, '2022-11-21 17:42:15', '380977790000', '380999888776', 'Example message text', 4, '537c6301-5283-46db-9311-7cc16f0b8403'),
(4386292, '2022-11-21 19:21:44', '380977790000', '380999888776', 'Example message text', 4, '9fed42d0-7198-4b40-a249-c67abea246bd'),
(4386293, '2022-11-21 19:21:44', '380977790000', '380999888776', 'Example message text', 4, '3095687c-ca8c-48c1-9eb2-4e295f13eff2'),
(4386294, '2022-11-21 19:21:44', '380977790000', '380999888776', 'Example message text', 4, 'd2ab8ee9-e9e7-440f-8c7b-f6d7340476aa'),
(4386340, '2022-11-21 20:23:44', '380977790000', '380999888776', 'Example message text', 4, '8266e118-b357-4cf3-811f-fda30da084ca'),
(4386341, '2022-11-21 20:23:44', '380977790000', '380999888776', 'Example message text', 4, '2ab68e32-63dc-43a0-ac72-2312d8565348'),
(4386342, '2022-11-21 20:23:44', '380977790000', '380999888776', 'Example message text', 4, 'bfddbcfb-96cf-444b-afa7-a1850cf7db7b'),
(4386350, '2022-11-21 20:33:03', '380977790000', '380999888776', 'Example message text', 4, 'da1605f6-eb25-4da1-97a4-a8e5b9f4ef83'),
(4386360, '2022-11-21 20:57:04', '380977790000', '380999888776', 'Example message text', 4, 'cacaf236-5e09-4297-95f7-70e47bbb4bb8'),
(4386362, '2022-11-21 20:57:54', '380977790000', '380999888776', 'Example message text', 4, 'fa894358-ab95-497f-afc7-2052d7c7a458'),
(4386363, '2022-11-21 20:57:54', '380977790000', '380999888776', 'Example message text', 4, '19065565-3220-4a79-b011-c4d1a931e304'),
(4386364, '2022-11-21 20:57:54', '380977790000', '380999888776', 'Example message text', 4, 'd11fc4a6-127e-42e4-8cb7-d4c193dce839'),
(4386365, '2022-11-21 20:59:06', '380977790000', '380999888776', 'Example message text', 4, 'bbc0687a-1ebd-41e5-a55a-d2418b5a0036'),
(4386366, '2022-11-21 20:59:06', '380977790000', '380999888776', 'Example message text', 4, '6b75a4ee-ff25-43bd-9829-d1d3b92ceeab'),
(4386367, '2022-11-21 20:59:06', '380977790000', '380999888776', 'Example message text', 4, 'a4ab87c9-f2a1-49e8-bd79-c60dbf3de89b'),
(4386898, '2022-11-22 08:00:01', '380508670000', '380999888776', 'Example message text', 1, ''),
(4386899, '2022-11-22 08:00:01', '380508670000', '380999888776', 'Example message text', 1, ''),
(4386945, '2022-11-22 08:06:45', '380977790000', '380999888776', 'Example message text', 4, '5f16b8e0-ed8b-405e-97c7-3f436a7363dd'),
(4387286, '2022-11-22 09:00:01', '380508670000', '380999888776', 'Example message text', 1, ''),
(4388482, '2022-11-22 11:22:17', '380508670000', '380999888776', 'Example message text', 1, '84e238b0-2bd3-44d0-b33c-861fd3248ee9'),
(4388490, '2022-11-22 11:22:49', '380508670000', '380999888776', 'Example message text', 1, 'd3f359e2-bd4b-4c48-ab6f-2c171a04db6c');

-- --------------------------------------------------------

--
-- Структура таблицы `servers`
--

CREATE TABLE `servers` (
  `id` int(11) NOT NULL,
  `server` int(11) DEFAULT 0,
  `username` bigint(20) DEFAULT 0,
  `status` varchar(30) DEFAULT '',
  `datetime` datetime DEFAULT current_timestamp(),
  `number` varchar(17) DEFAULT '0',
  `link` text DEFAULT '',
  `priority` int(11) DEFAULT 0
) ENGINE=MyISAM DEFAULT CHARSET=utf8;

--
-- Дамп данных таблицы `servers`
--

INSERT INTO `servers` (`id`, `server`, `username`, `status`, `datetime`, `number`, `link`, `priority`) VALUES
(5, 61, 2, 'Активирован', '2022-03-07 23:38:37', '380508670000', '', 5),
(88, 22, 2, 'Свободен', '2022-11-22 13:28:46', '111', '', 4),
(85, 71, 10, 'Свободен', '2022-11-22 13:38:35', '', '', 2),
(59, 66, 4, 'Свободен', '2022-11-22 12:56:47', '', '', 5),
(58, 66, 3, 'Свободен', '2022-11-22 13:07:46', '', '', 5),
(45, 65, 1, 'Свободен', '2022-11-22 13:14:03', '', '', 5),
(41, 64, 7, 'Свободен', '2022-11-22 13:10:58', '', '', 5),
(31, 63, 8, 'Свободен', '2022-11-22 13:16:40', '', '', 5),
(29, 63, 6, 'Свободен', '2022-11-22 13:09:21', '', '', 5),
(25, 63, 2, 'Свободен', '2022-11-22 13:27:23', '', '', 5),
(6, 61, 3, 'Свободен', '2022-11-22 13:37:33', '', '', 5);

-- --------------------------------------------------------

--
-- Структура таблицы `users`
--

CREATE TABLE `users` (
  `id` int(11) NOT NULL,
  `login` bigint(20) NOT NULL DEFAULT 0,
  `password` text NOT NULL DEFAULT '\'\'',
  `end_tarif` date NOT NULL DEFAULT '0000-00-00',
  `server` int(11) NOT NULL DEFAULT 0,
  `avans_start_date` date NOT NULL DEFAULT '0000-00-00',
  `is_avans` int(11) NOT NULL DEFAULT 0,
  `notification_phone` varchar(29) NOT NULL DEFAULT '',
  `disabled` int(11) NOT NULL DEFAULT 0,
  `ref` varchar(7) NOT NULL DEFAULT '0',
  `create_date` datetime NOT NULL DEFAULT current_timestamp(),
  `paid` varchar(2) NOT NULL DEFAULT '0',
  `is_partner` varchar(7) NOT NULL DEFAULT '0',
  `account_id` varchar(7) NOT NULL DEFAULT '0'
) ENGINE=MyISAM DEFAULT CHARSET=utf8;

--
-- Дамп данных таблицы `users`
--

INSERT INTO `users` (`id`, `login`, `password`, `end_tarif`, `server`, `avans_start_date`, `is_avans`, `notification_phone`, `disabled`, `ref`, `create_date`, `paid`, `is_partner`, `account_id`) VALUES
(1, 380673869594, '1111', '2022-12-05', 6, '0000-00-00', 0, '', 0, '0', '2020-07-26 14:45:39', '1', '10', '670'),
(691, 380975700000, 'wu$Y7P0%C6', '2022-12-08', 29, '0000-00-00', 0, '', 0, '0', '2021-08-17 11:24:13', '1', '0', '0'),
(815, 380999888776, 'wu$Y7P0%C6', '2022-12-08', 16, '0000-00-00', 0, '', 0, '0', '2021-11-08 11:59:48', '1', '0', '848'),
(816, 380670070000, 'wu$Y7P0%C6', '2022-12-07', 0, '0000-00-00', 0, '', 0, '0', '2021-11-08 13:32:08', '0', '0', '848'),
(898, 380977790000, '63aacf133c117', '2022-12-04', 66, '2023-01-03', 1, '', 0, '12', '2021-12-21 16:32:10', '1', '0', '905');

--
-- Индексы сохранённых таблиц
--

--
-- Индексы таблицы `accounts`
--
ALTER TABLE `accounts`
  ADD PRIMARY KEY (`id`),
  ADD UNIQUE KEY `email` (`email`);

--
-- Индексы таблицы `activation_line`
--
ALTER TABLE `activation_line`
  ADD PRIMARY KEY (`id`);

--
-- Индексы таблицы `amo_messages`
--
ALTER TABLE `amo_messages`
  ADD PRIMARY KEY (`id`);

--
-- Индексы таблицы `companies`
--
ALTER TABLE `companies`
  ADD PRIMARY KEY (`id`),
  ADD UNIQUE KEY `name` (`name`);

--
-- Индексы таблицы `credits`
--
ALTER TABLE `credits`
  ADD PRIMARY KEY (`id`);

--
-- Индексы таблицы `invitations`
--
ALTER TABLE `invitations`
  ADD PRIMARY KEY (`id`),
  ADD UNIQUE KEY `email` (`email`);

--
-- Индексы таблицы `last_unsend_id`
--
ALTER TABLE `last_unsend_id`
  ADD PRIMARY KEY (`company`);

--
-- Индексы таблицы `messages`
--
ALTER TABLE `messages`
  ADD PRIMARY KEY (`id`),
  ADD UNIQUE KEY `id` (`id`);

--
-- Индексы таблицы `payments`
--
ALTER TABLE `payments`
  ADD PRIMARY KEY (`id`);

--
-- Индексы таблицы `sent_messages`
--
ALTER TABLE `sent_messages`
  ADD PRIMARY KEY (`id`);

--
-- Индексы таблицы `servers`
--
ALTER TABLE `servers`
  ADD PRIMARY KEY (`id`);

--
-- Индексы таблицы `users`
--
ALTER TABLE `users`
  ADD PRIMARY KEY (`id`),
  ADD UNIQUE KEY `login` (`login`);

--
-- AUTO_INCREMENT для сохранённых таблиц
--

--
-- AUTO_INCREMENT для таблицы `accounts`
--
ALTER TABLE `accounts`
  MODIFY `id` int(11) NOT NULL AUTO_INCREMENT, AUTO_INCREMENT=2259;

--
-- AUTO_INCREMENT для таблицы `activation_line`
--
ALTER TABLE `activation_line`
  MODIFY `id` int(11) NOT NULL AUTO_INCREMENT, AUTO_INCREMENT=458;

--
-- AUTO_INCREMENT для таблицы `amo_messages`
--
ALTER TABLE `amo_messages`
  MODIFY `id` int(11) NOT NULL AUTO_INCREMENT, AUTO_INCREMENT=1818569;

--
-- AUTO_INCREMENT для таблицы `companies`
--
ALTER TABLE `companies`
  MODIFY `id` int(11) NOT NULL AUTO_INCREMENT, AUTO_INCREMENT=1472;

--
-- AUTO_INCREMENT для таблицы `credits`
--
ALTER TABLE `credits`
  MODIFY `id` int(11) NOT NULL AUTO_INCREMENT, AUTO_INCREMENT=136;

--
-- AUTO_INCREMENT для таблицы `invitations`
--
ALTER TABLE `invitations`
  MODIFY `id` int(11) NOT NULL AUTO_INCREMENT, AUTO_INCREMENT=72;

--
-- AUTO_INCREMENT для таблицы `messages`
--
ALTER TABLE `messages`
  MODIFY `id` int(11) NOT NULL AUTO_INCREMENT, AUTO_INCREMENT=14083894;

--
-- AUTO_INCREMENT для таблицы `payments`
--
ALTER TABLE `payments`
  MODIFY `id` int(11) NOT NULL AUTO_INCREMENT, AUTO_INCREMENT=3667;

--
-- AUTO_INCREMENT для таблицы `sent_messages`
--
ALTER TABLE `sent_messages`
  MODIFY `id` int(11) NOT NULL AUTO_INCREMENT, AUTO_INCREMENT=4388769;

--
-- AUTO_INCREMENT для таблицы `servers`
--
ALTER TABLE `servers`
  MODIFY `id` int(11) NOT NULL AUTO_INCREMENT, AUTO_INCREMENT=97;

--
-- AUTO_INCREMENT для таблицы `users`
--
ALTER TABLE `users`
  MODIFY `id` int(11) NOT NULL AUTO_INCREMENT, AUTO_INCREMENT=1256;
COMMIT;

/*!40101 SET CHARACTER_SET_CLIENT=@OLD_CHARACTER_SET_CLIENT */;
/*!40101 SET CHARACTER_SET_RESULTS=@OLD_CHARACTER_SET_RESULTS */;
/*!40101 SET COLLATION_CONNECTION=@OLD_COLLATION_CONNECTION */;
